user_input,retrieved_contexts,response,reference,faithfulness,answer_relevancy,llm_context_precision_with_reference,context_recall
How many requests per minute can a Pro plan make?,"['| Plan       | Requests/min | Requests/day | Concurrent connections | Webhook endpoints |\n|------------|-------------|--------------|----------------------|-------------------|\n| Free       | 60          | 1,000        | 5                    | 2                 |\n| Starter    | 300         | 10,000       | 20                   | 10                |\n| Pro        | 1,000       | 100,000      | 50                   | 50                |\n| Enterprise | 10,000      | Unlimited    | 500                  | Unlimited         |', 'Regardless of plan, a single IP address is limited to 5,000 requests/minute across all API keys. This limit cannot be increased.', '**Response:**\n```json\n{\n  ""id"": ""plan_01HXYZ2222222222"",\n  ""name"": ""Pro Monthly"",\n  ""amount"": 2900,\n  ""currency"": ""EUR"",\n  ""interval"": ""month"",\n  ""interval_count"": 1,\n  ""created_at"": ""2025-06-01T00:00:00Z""\n}\n```', '{\n  ""name"": ""Pro Monthly"",\n  ""amount"": 2900,\n  ""currency"": ""EUR"",\n  ""interval"": ""month"",\n  ""interval_count"": 1,\n  ""description"": ""NexusApp Pro plan — billed monthly""\n}\n```', '| Plan       | Burst limit | Burst window |\n|------------|-------------|--------------|\n| Free       | 120 req     | 10s          |\n| Starter    | 600 req     | 10s          |\n| Pro        | 2,000 req   | 10s          |\n| Enterprise | 20,000 req  | 10s          |']","According to context [1], a Pro plan can make 1,000 requests/minute. However, context [2] states that a single IP address is limited to 5,000 requests/minute across all API keys. Therefore, the answer is 1,000 requests/minute, but limited to 5,000 requests/minute per IP address.","1,000 requests per minute",0.6,0.9697432794441879,0.9999999999,1.0
What is the rate limit for Free plan users per day?,"['| Plan       | Requests/min | Requests/day | Concurrent connections | Webhook endpoints |\n|------------|-------------|--------------|----------------------|-------------------|\n| Free       | 60          | 1,000        | 5                    | 2                 |\n| Starter    | 300         | 10,000       | 20                   | 10                |\n| Pro        | 1,000       | 100,000      | 50                   | 50                |\n| Enterprise | 10,000      | Unlimited    | 500                  | Unlimited         |', '| Parameter    | Type   | Required | Description                                         |\n|--------------|--------|----------|-----------------------------------------------------|\n| customer_id  | string | Yes      | Customer to bill                                    |\n| plan_id      | string | Yes      | Subscription plan ID                                |\n| trial_days   | integer| No       | Free trial period. Max: 90 days                     |\n| billing_cycle| string | No       | `monthly` or `yearly`. Default: `monthly`           |', '| Plan       | Burst limit | Burst window |\n|------------|-------------|--------------|\n| Free       | 120 req     | 10s          |\n| Starter    | 600 req     | 10s          |\n| Pro        | 2,000 req   | 10s          |\n| Enterprise | 20,000 req  | 10s          |', 'NexusPay API enforces rate limits per API key, per plan. Limits reset every 60 seconds (rolling window).', 'Each plan has a burst allowance of 2× the per-minute limit for up to 10 seconds. After the burst window, the standard limit applies.']","According to context [1], the rate limit for Free plan users per day is 1,000 requests.","1,000 requests per day",0.5,0.9999999999999998,0.9999999999,1.0
How many webhook endpoints can a Starter plan configure?,"['Webhook endpoint URLs have a maximum length of **2048 characters**. Register your endpoint in the Dashboard under **Developers → Webhooks**, or via the API:', '| Plan       | Requests/min | Requests/day | Concurrent connections | Webhook endpoints |\n|------------|-------------|--------------|----------------------|-------------------|\n| Free       | 60          | 1,000        | 5                    | 2                 |\n| Starter    | 300         | 10,000       | 20                   | 10                |\n| Pro        | 1,000       | 100,000      | 50                   | 50                |\n| Enterprise | 10,000      | Unlimited    | 500                  | Unlimited         |', 'Webhook events are fired in the sandbox exactly as in production. Configure your webhook endpoint in the Dashboard under **Developers → Webhooks** and point it to your sandbox endpoint.', 'Two headers are included with every webhook request:', 'Regardless of plan, a single IP address is limited to 5,000 requests/minute across all API keys. This limit cannot be increased.']","According to source [2], a Starter plan can configure **10** webhook endpoints.",10 webhook endpoints,1.0,1.0,0.49999999995,1.0
What is the burst limit for the Enterprise plan?,"['Each plan has a burst allowance of 2× the per-minute limit for up to 10 seconds. After the burst window, the standard limit applies.', '| Plan       | Burst limit | Burst window |\n|------------|-------------|--------------|\n| Free       | 120 req     | 10s          |\n| Starter    | 600 req     | 10s          |\n| Pro        | 2,000 req   | 10s          |\n| Enterprise | 20,000 req  | 10s          |', '**Always honour the `retry_after` value.** Do not retry before this interval. For sustained high-throughput workloads, refer to `docs/reference/rate_limits.md` for rate limit tiers and burst allowances.', '| Plan       | Requests/min | Requests/day | Concurrent connections | Webhook endpoints |\n|------------|-------------|--------------|----------------------|-------------------|\n| Free       | 60          | 1,000        | 5                    | 2                 |\n| Starter    | 300         | 10,000       | 20                   | 10                |\n| Pro        | 1,000       | 100,000      | 50                   | 50                |\n| Enterprise | 10,000      | Unlimited    | 500                  | Unlimited         |', 'For rate limit tiers and burst window details, refer to `docs/reference/rate_limits.md`.']","According to [2], the burst limit for the Enterprise plan is 20,000 req.","20,000 requests in a 10-second burst window",0.5,0.9999999999999998,0.49999999995,1.0
How many refunds can I create per payment?,"['**Constraints:**\n- Refunds must be created within **180 days** of the original payment.\n- Maximum **5 refunds** per payment.\n- Partial refunds: minimum amount is **50 cents**.', '```json\n{\n  ""error"": {\n    ""code"": ""max_refunds_exceeded"",\n    ""message"": ""A maximum of 5 refunds may be issued per payment.""\n  }\n}\n```', '### POST /refunds\nCreate a refund for a succeeded payment.', 'To work around this limit, consolidate refund amounts and issue fewer, larger refunds where possible.', ""| Constraint | Value |\n|------------|-------|\n| Maximum refund window | **180 days** from the original payment |\n| Maximum refunds per payment | **5** |\n| Minimum partial refund amount | **50 cents** (in the payment's currency) |""]","You can create a maximum of **5** refunds per payment. (Source: [1], [2], [5])",Maximum 5 refunds per payment,0.5,0.9876495981267966,0.8666666666377778,1.0
Within how many days must a refund be created after the original payment?,"['**Constraints:**\n- Refunds must be created within **180 days** of the original payment.\n- Maximum **5 refunds** per payment.\n- Partial refunds: minimum amount is **50 cents**.', 'Returned when the refund is attempted more than **180 days** after the original payment:', ""A refund returns some or all of a captured payment's funds to the customer. Refunds are processed asynchronously — after the API call returns a `refund` object with `status: pending`, the funds typically settle within 5–10 business days depending on the customer's bank and card network."", ""| Constraint | Value |\n|------------|-------|\n| Maximum refund window | **180 days** from the original payment |\n| Maximum refunds per payment | **5** |\n| Minimum partial refund amount | **50 cents** (in the payment's currency) |"", '```json\n{\n  ""error"": {\n    ""code"": ""refund_window_expired"",\n    ""message"": ""Refunds must be issued within 180 days of the original payment.""\n  }\n}\n```']","Within **180 days** of the original payment. (Source: [1], [4])",180 days,1.0,0.6936914525254366,0.8874999999778125,1.0
What is the minimum amount for a partial refund?,"['Returned when a partial refund amount is below **50 cents**:', '```json\n{\n  ""error"": {\n    ""code"": ""amount_too_small"",\n    ""message"": ""Partial refund amount must be at least 50 cents.""\n  }\n}\n```', '**Constraints:**\n- Refunds must be created within **180 days** of the original payment.\n- Maximum **5 refunds** per payment.\n- Partial refunds: minimum amount is **50 cents**.', ""| Constraint | Value |\n|------------|-------|\n| Maximum refund window | **180 days** from the original payment |\n| Maximum refunds per payment | **5** |\n| Minimum partial refund amount | **50 cents** (in the payment's currency) |"", 'To refund a specific amount, provide the `amount` in the smallest currency unit (cents):']",50 cents. (in the payment's currency),50 cents,0.5,0.0,0.999999999975,1.0
How long is the capture window for an authorized payment?,"[""**Separation of authorization and capture.** By default, `POST /payments` both authorizes and captures in a single step. For marketplaces and delayed fulfillment, set `capture: false` to authorize only. The authorization holds funds on the customer's card for up to 7 days. After that, the authorization expires automatically."", '### POST /payments/:id/capture\nCapture an authorized payment. Only valid if `capture: false` was set on creation. Must be called within **7 days** of authorization.', 'The `capture_before` timestamp indicates the deadline by which you must capture. Authorizations expire after **7 days**. After expiry, the hold is automatically released and the funds return to the customer — you cannot capture an expired authorization.', '| Error code | Cause | Resolution |\n|------------|-------|------------|\n| `authorization_expired` | Attempted capture after the 7-day window | Create a new authorization |\n| `authorization_already_captured` | Payment already captured | No action needed; check payment status |\n| `invalid_capture_amount` | Capture amount exceeds authorized amount | Capture equal to or less than the original amount |', '- [ ] **Refund constraints communicated to operations team**: Customer-facing support staff understand the 180-day refund window and 5-refund-per-payment limit.\n- [ ] **Authorization captures scheduled**: If using auth-only payments, a mechanism is in place to capture within the **7-day** window. Expired authorizations cannot be recovered.']","According to the provided context, the capture window for an authorized payment is **7 days**. This information appears in sources [1], [2], [3], and [5]. After 7 days, the authorization expires automatically ([1], [3]) and you cannot capture an expired authorization ([3], [4]).",7 days,0.5,0.9208704818866188,0.99999999998,1.0
What currencies does NexusPay support?,"['NexusPay supports accepting payments in multiple currencies across the European market and beyond. This guide explains which currencies are supported, how amounts are handled, and how settlement works.', 'If you charge customers in multiple currencies but your settlement currency is `EUR`, NexusPay converts foreign currency receipts to EUR at the time of settlement using the applicable interbank exchange rate, minus any applicable FX conversion fee. Refer to your merchant agreement for the exact fee schedule.', '**NexusPay does not perform currency conversion.** The `currency` field you specify in the payment request is the currency in which the customer is charged. NexusPay passes this charge to the card network exactly as submitted.', '```javascript\nimport NexusPay from ""@nexuspay/sdk"";', 'Your settlement currency is the currency in which NexusPay pays out your earnings to your bank account. It is configured at the account level in the Dashboard under **Settings → Payouts**.']",NexusPay supports accepting payments in multiple currencies across the European market and beyond. (source: guides/multi_currency_guide.md),"EUR, USD, GBP, CHF, SEK, NOK, DKK",0.6666666666666666,0.9553806072849399,0.9999999999,1.0
What is the maximum number of metadata keys allowed per payment?,"['| Field | Purpose | Constraints | Visibility |\n|-------|---------|-------------|------------|\n| `metadata` | Machine-readable key-value pairs for internal use | 50 keys, 40-char keys | Not shown to customers |\n| `description` | Human-readable summary of the payment | Max **255 characters**, single string | May appear on bank statements |', 'For metadata best practices and constraints (50 key limit, 40-character key limit), see `docs/guides/metadata_guide.md`. Use customer metadata to store your internal identifiers, not sensitive data.', '| Parameter     | Type    | Required | Description                                      |\n|---------------|---------|----------|--------------------------------------------------|\n| amount        | integer | Yes      | Amount in cents (e.g. 1000 = €10.00)            |\n| currency      | string  | Yes      | ISO 4217 code. Supported: EUR, USD, GBP, CHF, SEK, NOK, DKK |\n| source        | string  | Yes      | Payment method token or card ID                  |\n| description   | string  | No       | Max 255 characters                               |\n| metadata      | object  | No       | Max 50 key-value pairs, keys max 40 chars        |\n| capture       | boolean | No       | Default: true. Set false for auth-only           |\n| idempotency_key | string | No     | Max 64 characters. Ensures deduplication         |', '| Parameter | Type   | Required | Description         |\n|-----------|--------|----------|---------------------|\n| email     | string | Yes      | Must be unique      |\n| name      | string | No       | Max 200 characters  |\n| metadata  | object | No       | Max 50 key-value pairs |', ""- Do not store sensitive data in metadata: no card numbers, passwords, SSNs, or authentication tokens.\n- Metadata is visible to anyone with access to your NexusPay Dashboard and to any system that calls the API with your secret key. Apply the same access controls you would to any business data.\n- Metadata is not end-to-end encrypted beyond NexusPay's standard data-at-rest encryption. Do not rely on it for data classification purposes.""]","According to context [1], [2], [3], [4], and [5], the maximum number of metadata keys allowed per payment is **50**.","50 key-value pairs, with keys up to 40 characters",0.16666666666666666,0.9567553603652552,0.999999999975,1.0
What is the maximum trial period for a subscription?,"['The maximum trial period is **90 days**. After the trial ends, the subscription transitions to `active` and the first charge is attempted.', '| Parameter    | Type   | Required | Description                                         |\n|--------------|--------|----------|-----------------------------------------------------|\n| customer_id  | string | Yes      | Customer to bill                                    |\n| plan_id      | string | Yes      | Subscription plan ID                                |\n| trial_days   | integer| No       | Free trial period. Max: 90 days                     |\n| billing_cycle| string | No       | `monthly` or `yearly`. Default: `monthly`           |', '| Code                          | Description                                        |\n|-------------------------------|----------------------------------------------------|\n| `plan_not_found`              | Subscription plan does not exist                   |\n| `trial_too_long`              | Trial period exceeds maximum of 90 days            |\n| `subscription_already_cancelled` | Subscription is already cancelled              |\n| `customer_has_no_payment_method` | Customer has no payment method on file         |', 'Attach the customer to a plan to start a subscription. Optionally include a trial period.', '{\n  ""customer_id"": ""cus_01HXYZ3333333333"",\n  ""plan_id"": ""plan_01HXYZ2222222222"",\n  ""trial_period_days"": 14,\n  ""metadata"": {\n    ""signup_source"": ""web""\n  }\n}\n```']",The maximum trial period is **90 days**. (source: guides/subscriptions_guide.md and reference/endpoints.md),90 days,0.5,0.863128491062902,0.9999999999666667,1.0
What HTTP status code does the API return when the rate limit is exceeded?,"['When the limit is exceeded, the API returns HTTP 429 with:', 'When you exceed the API rate limit, NexusPay returns HTTP `429` with a `retry_after` field indicating how many seconds to wait before retrying:', '{\n  ""error"": {\n    ""code"": ""rate_limit_exceeded"",\n    ""message"": ""Rate limit exceeded. Retry after 4 seconds."",\n    ""retry_after"": 4\n  }\n}\n```', '| Code                  | Description                                              |\n|-----------------------|----------------------------------------------------------|\n| `rate_limit_exceeded` | Too many requests. Check `retry_after` in response body  |\n| `ip_limit_exceeded`   | IP-level limit of 5,000 req/min exceeded                 |', '| HTTP Status | Error Code | Notes |\n|-------------|------------|-------|\n| 429 | `rate_limit_exceeded` | Respect the `retry_after` header |\n| 500 | `internal_server_error` | NexusPay server error — safe to retry |\n| 502 | `bad_gateway` | Upstream infrastructure error |\n| 503 | `service_unavailable` | Temporary unavailability — retry with backoff |\n| 504 | `gateway_timeout` | Request timed out upstream |']","According to sources [1], [2], [5], the API returns HTTP `429` when the rate limit is exceeded.",HTTP 429,1.0,1.0,0.94999999997625,1.0
What error code is returned when an API key has been revoked?,"['| Code                  | Description                                              |\n|-----------------------|----------------------------------------------------------|\n| `invalid_api_key`     | The API key provided is not valid                        |\n| `expired_api_key`     | The API key has expired                                  |\n| `missing_api_key`     | No API key was provided in the request                   |\n| `revoked_api_key`     | The API key has been revoked                             |', 'Revoking a key is immediate and irreversible. In-flight requests using a revoked key will fail with `revoked_api_key`.', 'If you submit an idempotency key that matches a previous request but with different parameters, the API returns HTTP 409 with error code `idempotency_key_mismatch`.', 'The API uses URL versioning. The current version is **v2**. Version v1 was deprecated on **2025-07-01** and will be sunset on **2026-01-15**. After the sunset date, v1 requests will return HTTP 410.', '- [ ] **All error codes handled**: Your application handles every error code in `docs/reference/error_codes.md` gracefully — no unhandled exceptions that surface raw API errors to end users.\n- [ ] **Non-retryable errors not retried**: `card_declined`, `expired_card`, `do_not_honor`, and similar codes do not trigger automatic retries. The customer is prompted to resolve the issue instead.\n- [ ] **Retryable errors use backoff**: `service_unavailable`, `gateway_timeout`, and `internal_server_error` responses trigger retries with exponential backoff. See `docs/guides/error_handling_guide.md`.\n- [ ] **Rate limit errors handled**: HTTP 429 responses read the `retry_after` value and wait the specified duration before retrying.']",`revoked_api_key`,revoked_api_key,1.0,0.8344014726301406,0.99999999995,1.0
What error code is returned when a refund exceeds the 180-day window?,"['```json\n{\n  ""error"": {\n    ""code"": ""refund_window_expired"",\n    ""message"": ""Refunds must be issued within 180 days of the original payment.""\n  }\n}\n```', 'Returned when the refund is attempted more than **180 days** after the original payment:', '| Code                        | Description                                          |\n|-----------------------------|------------------------------------------------------|\n| `refund_window_expired`     | 180-day refund window has passed                     |\n| `max_refunds_exceeded`      | Maximum 5 refunds per payment already reached        |\n| `refund_amount_exceeds_payment` | Refund amount exceeds original payment          |\n| `partial_refund_too_small`  | Partial refund below minimum of 50 cents             |\n| `payment_not_refundable`    | Payment is not in a refundable state                 |', '- [ ] **Refund constraints communicated to operations team**: Customer-facing support staff understand the 180-day refund window and 5-refund-per-payment limit.\n- [ ] **Authorization captures scheduled**: If using auth-only payments, a mechanism is in place to capture within the **7-day** window. Expired authorizations cannot be recovered.', ""| Constraint | Value |\n|------------|-------|\n| Maximum refund window | **180 days** from the original payment |\n| Maximum refunds per payment | **5** |\n| Minimum partial refund amount | **50 cents** (in the payment's currency) |""]",`refund_window_expired`,refund_window_expired,1.0,0.778745334528652,0.9999999999666667,1.0
What is the current API version?,"['The API uses URL versioning. The current version is **v2**. Version v1 was deprecated on **2025-07-01** and will be sunset on **2026-01-15**. After the sunset date, v1 requests will return HTTP 410.', '**Base URL:** `https://api.nexuspay.io/v2`  \n**Current API version:** v2 (released 2025-01-15)  \n**Previous version:** v1 (deprecated 2025-07-01, sunset 2026-01-15)', '- [ ] **Target API v2**: Confirm all requests include the `NexusPay-Version: 2025-01-15` header or use the v2 base URL. The v1 API is deprecated as of 2025-07-01 and sunsets on 2026-01-15. Requests to v1 after sunset return HTTP `410 Gone`. See `docs/guides/api_versioning.md`.', '{\n  ""error"": {\n    ""code"": ""api_version_sunset"",\n    ""message"": ""API v1 has been sunset as of 2026-01-15. Please migrate to v2. See https://docs.nexuspay.eu/guides/api_versioning""\n  }\n}\n```', '| Version | Status | Release Date | Notes |\n|---------|--------|--------------|-------|\n| **v2** | Current | **2025-01-15** | Active, fully supported |\n| v1 | Deprecated | — | Deprecated **2025-07-01** |']","According to sources [2] and [5], the current API version is **v2**. It was released on **2025-01-15** and is currently active and fully supported.","v2, released on 2025-01-15",1.0,0.9709904573356218,0.5888888888692593,1.0
When will API v1 be sunset?,"['The API uses URL versioning. The current version is **v2**. Version v1 was deprecated on **2025-07-01** and will be sunset on **2026-01-15**. After the sunset date, v1 requests will return HTTP 410.', '{\n  ""error"": {\n    ""code"": ""api_version_sunset"",\n    ""message"": ""API v1 has been sunset as of 2026-01-15. Please migrate to v2. See https://docs.nexuspay.eu/guides/api_versioning""\n  }\n}\n```', '- [ ] **Target API v2**: Confirm all requests include the `NexusPay-Version: 2025-01-15` header or use the v2 base URL. The v1 API is deprecated as of 2025-07-01 and sunsets on 2026-01-15. Requests to v1 after sunset return HTTP `410 Gone`. See `docs/guides/api_versioning.md`.', 'As of **2026-01-15**, v1 is sunset. Any request to a v1 endpoint returns:', 'After the sunset date, there is no way to make v1 requests succeed — migration to v2 is mandatory.']",API v1 will be sunset on **2026-01-15**.,2026-01-15,1.0,0.999998709234629,0.999999999975,1.0
What is the maximum page size when listing payments?,"['Pass `starting_after=pay_abc123` to get the next page. Default page size: 10. Maximum: 100.', '### GET /payments\nList payments. Supports pagination via `limit` (max 100, default 10) and `starting_after`.', 'For bulk data exports, use the maximum page size to minimize the number of requests and stay within rate limits.', '| Field | Purpose | Constraints | Visibility |\n|-------|---------|-------------|------------|\n| `metadata` | Machine-readable key-value pairs for internal use | 50 keys, 40-char keys | Not shown to customers |\n| `description` | Human-readable summary of the payment | Max **255 characters**, single string | May appear on bank statements |', 'while True:\n        page = nexuspay.payments.list(\n            limit=100,\n            cursor=cursor,\n            **filters\n        )\n        all_payments.extend(page.data)']","The maximum page size when listing payments is 100. This information can be found in both context [1] and [2]. Specifically, context [1] states ""Maximum: 100"" and context [2] states ""Supports pagination via `limit` (max 100, default 10)"".",100 items per page,1.0,0.99999905755868,0.99999999995,1.0
How many times does NexusPay retry a failed webhook delivery?,"['When a subscription renewal charge fails, NexusPay fires the `subscription.payment_failed` webhook:', 'Your endpoint must return an HTTP `200` status code to acknowledge successful receipt. Any other status code (including `201`, `202`, `4xx`, or `5xx`) causes NexusPay to treat the delivery as failed and schedule a retry.', 'When an event occurs, NexusPay sends an HTTP POST request to the URL you have configured in the Dashboard or via the Webhooks API. Your endpoint must respond with an HTTP `200` status code within 10 seconds to acknowledge delivery. If it does not, NexusPay retries delivery up to **5 times** using an exponential backoff schedule: 1 minute, 5 minutes, 30 minutes, 2 hours, and 8 hours after the initial attempt.', 'When you exceed the API rate limit, NexusPay returns HTTP `429` with a `retry_after` field indicating how many seconds to wait before retrying:', 'Your webhook endpoint receives signed HTTP POST requests from NexusPay. Without proper security:']",NexusPay retries delivery up to **5 times** using an exponential backoff schedule. (Source: [3]),"Up to 5 times with exponential backoff: 1min, 5min, 30min, 2h, 8h",1.0,0.8866106635799696,0.3333333333,1.0
What is the IP-level rate limit regardless of plan?,"['Regardless of plan, a single IP address is limited to 5,000 requests/minute across all API keys. This limit cannot be increased.', '| Code                  | Description                                              |\n|-----------------------|----------------------------------------------------------|\n| `rate_limit_exceeded` | Too many requests. Check `retry_after` in response body  |\n| `ip_limit_exceeded`   | IP-level limit of 5,000 req/min exceeded                 |', '| Plan       | Requests/min | Requests/day | Concurrent connections | Webhook endpoints |\n|------------|-------------|--------------|----------------------|-------------------|\n| Free       | 60          | 1,000        | 5                    | 2                 |\n| Starter    | 300         | 10,000       | 20                   | 10                |\n| Pro        | 1,000       | 100,000      | 50                   | 50                |\n| Enterprise | 10,000      | Unlimited    | 500                  | Unlimited         |', 'NexusPay API enforces rate limits per API key, per plan. Limits reset every 60 seconds (rolling window).', 'Each plan has a burst allowance of 2× the per-minute limit for up to 10 seconds. After the burst window, the standard limit applies.']","According to context [1] and [2], the IP-level rate limit is 5,000 requests/minute across all API keys. This limit cannot be increased.","5,000 requests per minute per IP address",1.0,0.7900268445393474,0.99999999995,1.0
How long do idempotency keys remain valid?,"['Idempotency keys expire **24 hours** after they are first used. After expiry, the same key can be submitted again and will be treated as a new request. This means you should generate a fresh key for each distinct operation intent — do not reuse keys across sessions or days.', '- [ ] **Idempotency keys on all mutations**: Every `POST /payments`, `POST /payments/:id/capture`, and `POST /payments/:id/refunds` request includes a unique `Idempotency-Key` header (UUID v4, max 64 characters). See `docs/guides/idempotency_guide.md`.\n- [ ] **Keys generated before requests**: Idempotency keys are generated and persisted in your database *before* the API call is made, ensuring they survive process crashes.\n- [ ] **Same key on retries**: When retrying a failed request, your code reuses the original idempotency key — it does not generate a new one.', 'Idempotency keys are strings up to 64 characters. They are scoped to your API key — the same idempotency key used with different API keys creates different operations.', 'Idempotency keys and retry logic work together. Always:', 'Idempotency keys are scoped to your **API key**. The same key used with your test (`sk_test_...`) and live (`sk_live_...`) secret keys are completely independent — switching to live keys does not risk replaying test-mode idempotency records.']",Idempotency keys expire **24 hours** after they are first used. (source: guides/idempotency_guide.md),24 hours,1.0,0.9395909335139985,0.9999999999,1.0
What is the maximum description length for a payment?,"['| Field | Purpose | Constraints | Visibility |\n|-------|---------|-------------|------------|\n| `metadata` | Machine-readable key-value pairs for internal use | 50 keys, 40-char keys | Not shown to customers |\n| `description` | Human-readable summary of the payment | Max **255 characters**, single string | May appear on bank statements |', '| Parameter     | Type    | Required | Description                                      |\n|---------------|---------|----------|--------------------------------------------------|\n| amount        | integer | Yes      | Amount in cents (e.g. 1000 = €10.00)            |\n| currency      | string  | Yes      | ISO 4217 code. Supported: EUR, USD, GBP, CHF, SEK, NOK, DKK |\n| source        | string  | Yes      | Payment method token or card ID                  |\n| description   | string  | No       | Max 255 characters                               |\n| metadata      | object  | No       | Max 50 key-value pairs, keys max 40 chars        |\n| capture       | boolean | No       | Default: true. Set false for auth-only           |\n| idempotency_key | string | No     | Max 64 characters. Ensures deduplication         |', '| Parameter | Type   | Required | Description         |\n|-----------|--------|----------|---------------------|\n| email     | string | Yes      | Must be unique      |\n| name      | string | No       | Max 200 characters  |\n| metadata  | object | No       | Max 50 key-value pairs |', '| Property | Value |\n|----------|-------|\n| Maximum length | **64 characters** |\n| Expiration | **24 hours** after first use |\n| Scope | Per API key (same key on a different API key is independent) |', '| Parameter | Type     | Required | Description                        |\n|-----------|----------|----------|------------------------------------|\n| url       | string   | Yes      | HTTPS only. Max 2048 characters    |\n| events    | string[] | Yes      | List of event types to subscribe   |\n| secret    | string   | No       | Auto-generated if not provided     |']","According to context [1] and [2], the maximum description length for a payment is **255 characters**.",255 characters,0.5,0.9999990395469714,0.99999999995,1.0
How many concurrent connections does the Pro plan support?,"['| Plan       | Requests/min | Requests/day | Concurrent connections | Webhook endpoints |\n|------------|-------------|--------------|----------------------|-------------------|\n| Free       | 60          | 1,000        | 5                    | 2                 |\n| Starter    | 300         | 10,000       | 20                   | 10                |\n| Pro        | 1,000       | 100,000      | 50                   | 50                |\n| Enterprise | 10,000      | Unlimited    | 500                  | Unlimited         |', '{\n  ""name"": ""Pro Monthly"",\n  ""amount"": 2900,\n  ""currency"": ""EUR"",\n  ""interval"": ""month"",\n  ""interval_count"": 1,\n  ""description"": ""NexusApp Pro plan — billed monthly""\n}\n```', '**Response:**\n```json\n{\n  ""id"": ""plan_01HXYZ2222222222"",\n  ""name"": ""Pro Monthly"",\n  ""amount"": 2900,\n  ""currency"": ""EUR"",\n  ""interval"": ""month"",\n  ""interval_count"": 1,\n  ""created_at"": ""2025-06-01T00:00:00Z""\n}\n```', '**Caution:** Parallel requests multiply your rate limit consumption proportionally. With 7 concurrent currency paginations, each page of results is 7 requests counted against your quota simultaneously. Monitor `X-RateLimit-Remaining` carefully or limit concurrency.', 'Regardless of plan, a single IP address is limited to 5,000 requests/minute across all API keys. This limit cannot be increased.']","According to context [1], the Pro plan supports **50** concurrent connections.",50 concurrent connections,1.0,0.9999999999999998,0.9999999999,1.0
What HTTP status code is returned when a resource is not found?,"['| HTTP Status | Meaning                                      |\n|-------------|----------------------------------------------|\n| 200         | Success                                      |\n| 201         | Resource created                             |\n| 400         | Bad request — invalid parameters             |\n| 401         | Unauthorized — invalid or missing API key    |\n| 403         | Forbidden — insufficient permissions         |\n| 404         | Resource not found                           |\n| 409         | Conflict — duplicate idempotency key         |\n| 422         | Unprocessable — business logic error         |\n| 429         | Rate limit exceeded                          |\n| 500         | Internal server error                        |\n| 503         | Service temporarily unavailable              |', 'When the limit is exceeded, the API returns HTTP 429 with:', 'Your endpoint must return an HTTP `200` status code to acknowledge successful receipt. Any other status code (including `201`, `202`, `4xx`, or `5xx`) causes NexusPay to treat the delivery as failed and schedule a retry.', '| HTTP Status | Error Code | Notes |\n|-------------|------------|-------|\n| 429 | `rate_limit_exceeded` | Respect the `retry_after` header |\n| 500 | `internal_server_error` | NexusPay server error — safe to retry |\n| 502 | `bad_gateway` | Upstream infrastructure error |\n| 503 | `service_unavailable` | Temporary unavailability — retry with backoff |\n| 504 | `gateway_timeout` | Request timed out upstream |', '| HTTP Status | Error Code | Reason |\n|-------------|------------|--------|\n| 400 | `invalid_request` | Malformed request — fix the payload |\n| 400 | `amount_too_small` | Below minimum — adjust the amount |\n| 402 | `card_declined` | Issuer declined — prompt customer to use a different card |\n| 402 | `expired_card` | Card expired — customer must update card details |\n| 402 | `insufficient_funds` | Not enough funds — customer must resolve with their bank |\n| 402 | `do_not_honor` | Issuer blocked the transaction — do not retry |\n| 404 | `not_found` | Resource does not exist — check the ID |\n| 409 | `idempotency_key_mismatch` | Key reused with different parameters — use a new key |']","According to context [1], the HTTP status code returned when a resource is not found is `404`.",HTTP 404,1.0,0.9988343738330658,0.699999999965,1.0
What is the maximum URL length for a webhook endpoint?,"['Webhook endpoint URLs have a maximum length of **2048 characters**. Register your endpoint in the Dashboard under **Developers → Webhooks**, or via the API:', '- [ ] **HTTPS endpoint only**: Your production webhook URL must use HTTPS. HTTP endpoints are rejected. The URL must not exceed **2048 characters**.\n- [ ] **Signature verification implemented**: Every incoming webhook must have its HMAC-SHA256 signature verified before being processed. See `docs/guides/webhooks_guide.md`.\n- [ ] **Timestamp validation active**: Reject webhook events with an `X-NexusPay-Timestamp` more than 5 minutes old to prevent replay attacks.\n- [ ] **Live webhook secret configured**: The sandbox and production webhook secrets are different. Reconfigure your application to use the live webhook secret retrieved from the Dashboard.\n- [ ] **Idempotent webhook handlers**: Your handlers correctly deduplicate events by persisting processed event IDs.', '| Plan       | Requests/min | Requests/day | Concurrent connections | Webhook endpoints |\n|------------|-------------|--------------|----------------------|-------------------|\n| Free       | 60          | 1,000        | 5                    | 2                 |\n| Starter    | 300         | 10,000       | 20                   | 10                |\n| Pro        | 1,000       | 100,000      | 50                   | 50                |\n| Enterprise | 10,000      | Unlimited    | 500                  | Unlimited         |', '| Parameter | Type     | Required | Description                        |\n|-----------|----------|----------|------------------------------------|\n| url       | string   | Yes      | HTTPS only. Max 2048 characters    |\n| events    | string[] | Yes      | List of event types to subscribe   |\n| secret    | string   | No       | Auto-generated if not provided     |', 'Two headers are included with every webhook request:']","The maximum URL length for a webhook endpoint is **2048 characters**. This information appears in sources [1], [2], and [4].",2048 characters,0.5,1.0,0.9166666666361111,1.0
What error code is returned when the capture window has expired?,"['| Error code | Cause | Resolution |\n|------------|-------|------------|\n| `authorization_expired` | Attempted capture after the 7-day window | Create a new authorization |\n| `authorization_already_captured` | Payment already captured | No action needed; check payment status |\n| `invalid_capture_amount` | Capture amount exceeds authorized amount | Capture equal to or less than the original amount |', 'If `status` is `expired`, the authorization has lapsed and cannot be captured.', 'The `capture_before` timestamp indicates the deadline by which you must capture. Authorizations expire after **7 days**. After expiry, the hold is automatically released and the funds return to the customer — you cannot capture an expired authorization.', '### POST /payments/:id/capture\nCapture an authorized payment. Only valid if `capture: false` was set on creation. Must be called within **7 days** of authorization.', '```\nDay 0     Day 1     Day 3     Day 7 (deadline)\n  |---------|---------|---------|\n  ^                   ^         ^\n  Authorize        Capture    Expires\n  (status:        (status:   (auto-released)\n  authorized)    succeeded)\n```']",`authorization_expired`,capture_window_expired,1.0,0.6139085865916752,0.0,0.0
What is the difference between a secret key and a publishable key?,"['**Publishable keys** are limited to read operations and payment method tokenization. They are safe to embed in frontend JavaScript or mobile apps. A publishable key cannot create a payment directly — it can only create a payment method token, which your server then uses with the secret key.', '- **Publishable key** — safe to embed in frontend code; used only to tokenize card data.\n- **Secret key** — must never leave your backend; used to create and manage payments.', '- **Secret keys** (`sk_live_...` or `sk_test_...`): Full access. Never expose in client-side code or public repositories.\n- **Publishable keys** (`pk_live_...` or `pk_test_...`): Read-only, safe for frontend use. Can tokenize payment methods.', '| Key Type | Prefix | Where to use | Who can see it |\n|----------|--------|--------------|----------------|\n| Publishable key | `pk_live_` / `pk_test_` | Frontend (browser/app) | Visible to end users — safe by design |\n| Secret key | `sk_live_` / `sk_test_` | Backend only | **Must never be exposed** |', '| Prefix        | Type        | Environment |\n|---------------|-------------|-------------|\n| `sk_live_`    | Secret key  | Live        |\n| `sk_test_`    | Secret key  | Sandbox     |\n| `pk_live_`    | Publishable | Live        |\n| `pk_test_`    | Publishable | Sandbox     |']","Based on the provided context:

*   **Secret keys** have full access and **must never be exposed** in client-side code or public repositories. They are used to create and manage payments and should only reside on your backend.
*   **Publishable keys** are limited to read operations and payment method tokenization. They are **safe to embed in frontend JavaScript or mobile apps** because they cannot create payments directly – only create tokens. They can tokenize payment methods. 



In short, secret keys are for backend operations and must be kept secret, while publishable keys are for frontend operations and are designed to be safely exposed.",Secret keys have full API access and must be stored server-side. Publishable keys are read-only and safe for frontend use — they can tokenize payment methods but cannot create payments directly.,1.0,0.9868082843472615,0.99999999998,1.0
Why does NexusPay use cursor-based pagination instead of offset pagination?,"['All list endpoints in NexusPay use cursor-based pagination. This approach is more reliable than offset pagination for large datasets and real-time data.', 'NexusPay uses cursor-based pagination across all list endpoints. This guide covers patterns for fetching all records in a loop, terminating iteration correctly, staying within rate limits during bulk fetches, and running parallel paginated queries.', 'Offset pagination (`?page=2&per_page=10`) has a fundamental problem with real-time data: if a new payment is created between your first and second request, every item shifts by one position, causing duplicates or skipped items. Cursor pagination avoids this entirely.', '### 1. Pagination: Cursor-Based Replaces Offset-Based', 'This is particularly useful for support tooling and reconciliation scripts that need to look up a payment by your own internal reference rather than the NexusPay payment ID.']","NexusPay uses cursor-based pagination because offset pagination has a fundamental problem with real-time data: if a new payment is created between your first and second request, every item shifts by one position, causing duplicates or skipped items. Cursor pagination avoids this entirely. (Source: reference/pagination_filtering.md & reference/pagination_filtering.md)",Offset pagination has a problem with real-time data: new items shift positions causing duplicates or skipped items. Cursor pagination avoids this by tracking exact position.,1.0,0.967124811970116,0.8055555555287036,1.0
How does the authorization and capture flow work?,"['To test authorization and capture flows, create a payment with `capture: false` using any success card. See `docs/guides/auth_capture_flow.md`.', ""**Separation of authorization and capture.** By default, `POST /payments` both authorizes and captures in a single step. For marketplaces and delayed fulfillment, set `capture: false` to authorize only. The authorization holds funds on the customer's card for up to 7 days. After that, the authorization expires automatically."", 'When you know the final amount, capture the authorization. You may capture the full authorized amount or a lesser amount — you cannot capture more than the original authorization.', ""An authorization places a hold on the customer's funds without immediately settling the charge. Use this flow when:"", 'This guide explains how to separate the authorization of a payment from its capture — a common pattern in industries where the final charge amount is not known at the time of booking.']","Here's how the authorization and capture flow works, based on the provided context:

1. **Authorization:** You create a payment with `capture: false`. This authorizes the charge but doesn't immediately settle it. Funds are held on the customer's card for up to 7 days. (Sources [1], [2], [5])
2. **Capture:** When you know the final amount, you ""capture"" the authorization. You can capture the full authorized amount or a lesser amount, but not more. (Sources [3], [5])
3. **Use Cases:** This flow is useful when the final charge amount isn't known upfront, like in industries where bookings are made before final details are confirmed. (Source [4], [5])","By default, POST /payments authorizes and captures in one step. Setting capture: false authorizes only, holding funds for up to 7 days. You then call POST /payments/:id/capture to complete.",1.0,0.832159869155091,0.9166666666361111,0.6666666666666666
Can I rely on webhooks as the primary confirmation of a payment?,"['**Eventual consistency for webhooks.** Webhook delivery is asynchronous. After a payment succeeds, the `payment.succeeded` event may arrive at your endpoint within milliseconds or up to 30 seconds later, depending on load. Never rely on webhooks as the primary source of truth — always confirm payment status via the API.', 'Webhooks allow NexusPay to push real-time event notifications to your server when something happens in your account — a payment succeeds, a subscription renews, a dispute is opened, and so on. This guide explains how to receive, verify, and handle webhook events reliably.', 'For most card payments, the `status` in the synchronous API response is definitive. However, for certain payment methods, the outcome may be delivered asynchronously via the `payment.succeeded` or `payment.failed` webhook event. Implement webhook handling as described in `docs/guides/webhooks_guide.md` to handle these cases.', 'See `docs/guides/webhooks_guide.md` for webhook configuration and signature verification.', 'Your webhook endpoint receives signed HTTP POST requests from NexusPay. Without proper security:']","No, you should not rely on webhooks as the primary source of truth for payment status. According to source [1], webhook delivery is asynchronous and can take up to 30 seconds. You should always confirm payment status via the API instead. Source [3] also states that for certain payment methods, the outcome may be delivered asynchronously via webhooks, reinforcing the need to implement webhook handling *in addition* to API checks.",No. Webhook delivery is asynchronous and can be delayed up to 30 seconds. Always confirm payment status via the API directly.,1.0,0.8965477654669242,0.9999999999,1.0
How should I rotate API keys without downtime?,"['You can create multiple API keys per account and assign them different permission scopes. This allows you to rotate keys without downtime:', '- Never commit API keys to version control. Use environment variables or a secrets manager.\n- Use the principle of least privilege — scope keys to the minimum required operations.\n- Rotate keys every 90 days in high-security environments.\n- Monitor API key usage in the dashboard — unexpected spikes may indicate a compromised key.\n- Use different keys for different environments (development, staging, production).', 'Establish a regular key rotation schedule as part of your security hygiene, even without a known compromise event.', 'Rotate your secret key immediately if you suspect it has been compromised. In the Dashboard under **Developers → API Keys**, you can issue a new key. After issuing the new key:', 'Do not perform slow operations (database writes, third-party API calls) synchronously in the webhook handler path. Instead, enqueue the event in an internal job queue and return `200` immediately.']",You can create multiple API keys per account and assign them different permission scopes. This allows you to rotate keys without downtime. (source: reference/authentication.md),"Create the new key, deploy the application with it, then revoke the old key. Revoking is immediate and irreversible.",1.0,0.695897509264947,0.9166666666361111,1.0
What happens if I submit the same idempotency key twice with different parameters?,"['**Idempotency first.** Every write operation accepts an `idempotency_key` parameter. If the same key is submitted twice, the second request returns the result of the first without creating a duplicate. This is critical for payment systems where network failures can cause retries.', 'If you submit an idempotency key that matches a previous request but with different parameters, the API returns HTTP 409 with error code `idempotency_key_mismatch`.', '{\n  ""error"": {\n    ""code"": ""idempotency_key_mismatch"",\n    ""message"": ""This idempotency key was previously used with different request parameters. Generate a new key.""\n  }\n}\n```', 'If you submit a request with an idempotency key that was previously used for a **different set of request parameters**, NexusPay returns a `409 Conflict` error:', '- [ ] **Idempotency keys on all mutations**: Every `POST /payments`, `POST /payments/:id/capture`, and `POST /payments/:id/refunds` request includes a unique `Idempotency-Key` header (UUID v4, max 64 characters). See `docs/guides/idempotency_guide.md`.\n- [ ] **Keys generated before requests**: Idempotency keys are generated and persisted in your database *before* the API call is made, ensuring they survive process crashes.\n- [ ] **Same key on retries**: When retrying a failed request, your code reuses the original idempotency key — it does not generate a new one.']","If you submit the same idempotency key twice with different parameters, the API returns HTTP 409 with error code `idempotency_key_mismatch`. This indicates that the key was previously used with a different set of request parameters. You are advised to generate a new key.",The API returns HTTP 409 with error code idempotency_key_mismatch.,0.75,0.9935037093858506,0.6388888888675925,1.0
How do I paginate through all succeeded EUR payments from Q1 2025?,"['This returns up to 100 succeeded EUR payments created in Q1 2025.', '```\nGET /payments?status=succeeded&currency=EUR&from=2025-01-01&to=2025-03-31&limit=100\n```', '# Example: fetch all EUR payments in June\npayments = fetch_all_payments({\n    ""currency"": ""EUR"",\n    ""created_after"": ""2025-06-01T00:00:00Z"",\n    ""created_before"": ""2025-06-30T23:59:59Z"",\n    ""status"": ""succeeded""\n})\n```', '**Step 2 — Retrieve individual payments for the same period:**\n```\nGET /payments?created_after=2025-06-01T00:00:00Z&created_before=2025-06-30T23:59:59Z&currency=EUR&status=succeeded\n```', '```\nGET /reports/summary?start_date=2025-01-01&end_date=2025-12-31&granularity=month&currency=EUR\n```']","To paginate through all succeeded EUR payments from Q1 2025, you can use the following GET request:

```
GET /payments?status=succeeded&currency=EUR&from=2025-01-01&to=2025-03-31&limit=100
```

This will return up to 100 succeeded EUR payments created in Q1 2025. You can adjust the `limit` parameter to control the number of payments returned per request, and use subsequent requests with appropriate offset parameters (not shown in the provided context) to retrieve all payments. [1, 2]","Use GET /payments with filters status=succeeded, currency=EUR, from=2025-01-01, to=2025-03-31, limit=100. Use the next_cursor from each response as starting_after until has_more is false.",0.6,0.9958460343768776,0.999999999975,0.5
What scopes are available for API keys on Pro and Enterprise plans?,"['On Pro and Enterprise plans, API keys can be scoped to specific operations:', 'Scoped keys are not available on Free or Starter plans — those plans only support full-access keys.', 'You can create multiple API keys per account and assign them different permission scopes. This allows you to rotate keys without downtime:', '| Plan       | Requests/min | Requests/day | Concurrent connections | Webhook endpoints |\n|------------|-------------|--------------|----------------------|-------------------|\n| Free       | 60          | 1,000        | 5                    | 2                 |\n| Starter    | 300         | 10,000       | 20                   | 10                |\n| Pro        | 1,000       | 100,000      | 50                   | 50                |\n| Enterprise | 10,000      | Unlimited    | 500                  | Unlimited         |', '**Secret keys** have full API access: create payments, issue refunds, manage subscriptions, access reports. They must be stored securely on your server and never exposed to clients.']","On Pro and Enterprise plans, API keys can be scoped to specific operations.","payments:read, payments:write, refunds:write, subscriptions, reports:read, webhooks. Scoped keys are not available on Free or Starter plans.",1.0,0.9386852378699496,0.9999999999,0.5
How does NexusPay determine which environment a request goes to?,"['NexusPay authenticates requests using API keys passed in the HTTP `Authorization` header.', 'NexusPay is a payment processing API designed for European businesses. It handles the full payment lifecycle: authorization, capture, settlement, refunds, and recurring billing through subscriptions.', 'When an event occurs, NexusPay sends an HTTP POST request to the URL you have configured in the Dashboard or via the Webhooks API. Your endpoint must respond with an HTTP `200` status code within 10 seconds to acknowledge delivery. If it does not, NexusPay retries delivery up to **5 times** using an exponential backoff schedule: 1 minute, 5 minutes, 30 minutes, 2 hours, and 8 hours after the initial attempt.', 'NexusPay uses API keys for authentication. There are two types:', '**NexusPay does not perform currency conversion.** The `currency` field you specify in the payment request is the currency in which the customer is charged. NexusPay passes this charge to the card network exactly as submitted.']","The provided context does not contain information about how NexusPay determines which environment a request goes to. It only details authentication using API keys ([1], [4]), payment processing functionality ([2]), webhook handling ([3]), and currency handling ([5]).","By the API key prefix, not the URL. Keys starting with sk_test_ route to sandbox, sk_live_ to live — both use the same base URL.",0.6,0.0,0.0,0.0
What happens to active subscriptions if I delete a customer?,"['**Critical warning:** Deleting a customer object does **not** automatically cancel their active subscriptions. If a customer with active subscriptions is deleted:', '**Always cancel all active subscriptions before deleting a customer:**', '### GET /customers/:id\n### PUT /customers/:id\n### DELETE /customers/:id\nDeleting a customer does not cancel active subscriptions — cancel subscriptions first.', '```python\ndef delete_customer_safely(customer_id: str):\n    subscriptions = nexuspay.subscriptions.list(customer_id=customer_id, status=""active"")\n    for sub in subscriptions.data:\n        nexuspay.subscriptions.cancel(sub[""id""])', '```json\nDELETE /subscriptions/sub_01HXYZ4444444444\n```']","Deleting a customer does **not** automatically cancel their active subscriptions. You must cancel all active subscriptions before deleting a customer. (Sources: [1], [2], [3])",Deleting a customer does not cancel their active subscriptions. You must cancel subscriptions explicitly before deleting the customer.,1.0,0.877516553297794,0.8333333332916666,1.0
What is the difference between cancel_at_period_end and immediate cancellation for subscriptions?,"['### POST /subscriptions/:id/cancel\nCancel a subscription. `cancel_at_period_end: true` cancels at next billing date.', 'The subscription remains `active` until the end of the current billing period, then transitions to `cancelled`:', '**Always cancel all active subscriptions before deleting a customer:**', '### GET /customers/:id\n### PUT /customers/:id\n### DELETE /customers/:id\nDeleting a customer does not cancel active subscriptions — cancel subscriptions first.', '**Critical warning:** Deleting a customer object does **not** automatically cancel their active subscriptions. If a customer with active subscriptions is deleted:']","Based on context [1], `cancel_at_period_end: true` cancels the subscription at the next billing date.  The context does not explicitly mention ""immediate cancellation"", but [2] states the subscription remains `active` until the end of the current billing period when cancelled, implying cancellation isn't immediate. Therefore, `cancel_at_period_end` delays cancellation to the end of the current billing period, while cancellation without this parameter would result in the subscription transitioning to `cancelled` at the end of the current billing period (as described in [2]).","Setting cancel_at_period_end: true cancels at the next billing date, allowing the customer to use the service until then. Immediate cancellation stops billing right away.",0.75,0.8281446265400357,0.9999999999,1.0
How should I handle a card_declined error?,"['Not all `card_declined` errors are equivalent. Use `decline_code` to provide a specific message to the customer:', '```json\n{\n  ""error"": {\n    ""code"": ""card_declined"",\n    ""message"": ""The card was declined by the issuer."",\n    ""decline_code"": ""insufficient_funds"",\n    ""request_id"": ""req_01HXYZ9999999999""\n  }\n}\n```', ""**Do not retry `card_declined` errors.** Repeated decline attempts may trigger fraud flags at the issuer and worsen the customer's experience. Instead, prompt the customer to try a different card or contact their bank."", '```json\n{\n  ""id"": ""pay_01HXYZ0000000001"",\n  ""amount"": 4999,\n  ""currency"": ""EUR"",\n  ""status"": ""failed"",\n  ""error"": {\n    ""code"": ""card_declined"",\n    ""message"": ""The card was declined by the issuer."",\n    ""decline_code"": ""insufficient_funds""\n  }\n}\n```', '| `decline_code` | Customer-facing message |\n|----------------|------------------------|\n| `insufficient_funds` | ""Your card has insufficient funds. Please try a different card."" |\n| `expired_card` | ""Your card has expired. Please update your payment details."" |\n| `do_not_honor` | ""Your bank declined this transaction. Please contact your bank or use a different card."" |\n| `lost_card` | ""This transaction cannot be processed. Please contact your bank."" |\n| `stolen_card` | ""This transaction cannot be processed. Please contact your bank."" |']","Do not retry `card_declined` errors. Instead, prompt the customer to try a different card or contact their bank. You can use `decline_code` to provide a specific message to the customer. For example, if `decline_code` is `insufficient_funds`, the customer-facing message should be ""Your card has insufficient funds. Please try a different card."" Other `decline_code` values have corresponding customer messages in the table provided.",card_declined means the issuer rejected the payment. The customer should try a different card or contact their bank. Do not retry the same card automatically as it may trigger fraud detection.,1.0,0.9718516028144772,0.6388888888675925,1.0
What security practices does NexusPay recommend for API keys?,"['NexusPay uses API keys for authentication. There are two types:', 'NexusPay authenticates requests using API keys passed in the HTTP `Authorization` header.', 'NexusPay uses a two-key model to keep your server out of PCI scope as much as possible:', '1. Immediately rotate your API keys via the Dashboard.\n2. Review your webhook secret and rotate it if there is any risk of exposure.\n3. Contact NexusPay security at security@nexuspay.eu with your account ID and a description of the incident.\n4. Preserve logs and do not delete any potentially relevant data until the investigation is complete.', 'Your webhook endpoint receives signed HTTP POST requests from NexusPay. Without proper security:']","NexusPay recommends immediately rotating your API keys via the Dashboard if there is any risk of exposure (source: guides/security_guide.md). They also use API keys for authentication, with two types available (source: reference/architecture_overview.md & reference/authentication.md). NexusPay authenticates requests using API keys passed in the HTTP `Authorization` header (source: reference/authentication.md).","Use environment variables or a secrets manager, never commit to version control, use least-privilege scopes, rotate every 90 days in high-security environments, monitor for unexpected usage spikes.",0.75,0.8892228343599542,0.0,0.0
How does the webhook retry policy work?,"['**Retry policy:** Failed webhook deliveries are retried up to **5 times** with exponential backoff: 1min, 5min, 30min, 2h, 8h.', 'Subscribe to the `refund.succeeded` and `refund.failed` webhook events to track settlement asynchronously. Refer to `docs/guides/webhooks_guide.md`.', 'This triggers the renewal charge immediately, firing the appropriate webhook events (`subscription.renewed` or `subscription.payment_failed`).', '- [ ] Successful payment creates and stores a payment ID correctly\n- [ ] Declined payment surfaces an appropriate error message to the user\n- [ ] Retry with the same idempotency key returns the original result (not a new payment)\n- [ ] Refund creates correctly and fires `refund.succeeded` webhook\n- [ ] Webhook signature verification rejects tampered payloads\n- [ ] Webhook timestamp check rejects events older than 5 minutes\n- [ ] Duplicate webhook delivery is handled idempotently', 'Webhooks allow NexusPay to push real-time event notifications to your server when something happens in your account — a payment succeeds, a subscription renews, a dispute is opened, and so on. This guide explains how to receive, verify, and handle webhook events reliably.']","Failed webhook deliveries are retried up to **5 times** with exponential backoff: 1min, 5min, 30min, 2h, 8h. (source: reference/endpoints.md)","Failed deliveries are retried up to 5 times with exponential backoff: 1 minute, 5 minutes, 30 minutes, 2 hours, 8 hours.",1.0,0.7652837321285566,0.9999999999,1.0
What webhook event is fired when a subscription billing fails?,"['When a subscription renewal charge fails, NexusPay fires the `subscription.payment_failed` webhook:', 'This triggers the renewal charge immediately, firing the appropriate webhook events (`subscription.renewed` or `subscription.payment_failed`).', '- The subscriptions remain in the `active` or `trialing` state.\n- Renewal charges will fail because the customer record no longer exists.\n- This results in failed subscription payments and `subscription.payment_failed` webhook events.', 'Webhooks allow NexusPay to push real-time event notifications to your server when something happens in your account — a payment succeeds, a subscription renews, a dispute is opened, and so on. This guide explains how to receive, verify, and handle webhook events reliably.', 'Subscribe to the `refund.succeeded` and `refund.failed` webhook events to track settlement asynchronously. Refer to `docs/guides/webhooks_guide.md`.']","According to the provided context, the `subscription.payment_failed` webhook event is fired when a subscription renewal charge fails ([1], [3]). It also triggers immediately when renewal charges fail ([2]).",subscription.payment_failed,1.0,0.8928372322930213,0.9999999999666667,1.0
Where is NexusPay data stored by default?,"['Store your internal user or customer ID on NexusPay customer and payment objects. This is especially useful when a customer uses multiple email addresses or payment methods across their lifetime.', '```javascript\nimport NexusPay from ""@nexuspay/sdk"";', ""Card details (number, expiry, CVC) must never be sent to your own server. Instead, use the NexusPay.js library or mobile SDK to collect card data and exchange it for a single-use **payment token** directly from your customer's browser."", ""- Do not store sensitive data in metadata: no card numbers, passwords, SSNs, or authentication tokens.\n- Metadata is visible to anyone with access to your NexusPay Dashboard and to any system that calls the API with your secret key. Apply the same access controls you would to any business data.\n- Metadata is not end-to-end encrypted beyond NexusPay's standard data-at-rest encryption. Do not rely on it for data classification purposes."", ""1. **Your frontend** uses the NexusPay.js library (or mobile SDK) and your **publishable key** to collect card data directly in the customer's browser.\n2. Card data travels directly to NexusPay's PCI-compliant servers — it never touches your backend.\n3. NexusPay returns a short-lived, single-use **payment token** that contains no sensitive data.\n4. **Your backend** uses this token with your **secret key** to create a payment.""]","Based on context [4], metadata is not end-to-end encrypted beyond NexusPay's standard data-at-rest encryption. This implies NexusPay data is stored in NexusPay's servers with standard data-at-rest encryption. Therefore, NexusPay data is stored **by default on NexusPay's PCI-compliant servers** (see context [5]).","EU region, specifically Frankfurt, Germany. US data residency is available on Enterprise plans but cannot be changed after account creation.",0.3333333333333333,0.9999986174638935,0.0,0.0
How does proration work when upgrading a subscription?,"['### POST /subscriptions/:id/upgrade\nUpgrade or downgrade a subscription plan. Proration is calculated automatically.', ""To change a subscription's plan, update the `plan_id`. NexusPay calculates proration automatically."", 'Attach the customer to a plan to start a subscription. Optionally include a trial period.', ""To simulate a renewal failure, ensure the subscription's customer has the decline card `4000 0000 0000 0002` as their default payment method before advancing."", '| `proration_behavior` | Effect |\n|----------------------|--------|\n| `create_prorations` | Immediately charges or credits the prorated difference |\n| `none` | Plan changes at next billing period with no immediate charge |']","According to context [1] and [2], when upgrading a subscription, NexusPay calculates proration automatically. Specifically, context [5] details that proration can either immediately charge or credit the prorated difference (`create_prorations`) or apply the plan change at the next billing period without immediate charge (`none`).","When calling POST /subscriptions/:id/upgrade, proration is calculated automatically by NexusPay.",1.0,0.8328249667542935,0.0,1.0
What authentication methods are supported for the NexusPay dashboard?,"['NexusPay authenticates requests using API keys passed in the HTTP `Authorization` header.', 'NexusPay uses API keys for authentication. There are two types:', 'NexusPay signs every webhook request using **HMAC-SHA256** with your webhook secret. Always verify the signature before processing the payload. Failing to do so exposes your endpoint to spoofed events.', '- A NexusPay account (sign up at nexuspay.eu)\n- Your **test secret key** (`sk_test_...`) from the Dashboard under **Developers → API Keys**', 'Your webhook endpoint receives signed HTTP POST requests from NexusPay. Without proper security:']","Based on the provided context, NexusPay uses API keys for authentication in the dashboard. Specifically, you can obtain a **test secret key** (`sk_test_...`) from the Dashboard under **Developers → API Keys** (source [4]).  It also authenticates requests using API keys passed in the HTTP `Authorization` header (source [1]).","Two-factor authentication is required for key management. Supported methods: TOTP (Google Authenticator, Authy) or hardware security keys (FIDO2/WebAuthn).",0.75,0.9072438584597755,0.0,0.0
How is amount represented in the API?,"['All `amount` values in the API must be expressed in the **smallest currency unit** (cents, pennies, etc.):', '| Amount you want to charge | Correct API value |\n|---------------------------|-------------------|\n| €10.00 | `1000` |\n| $49.99 | `4999` |\n| CHF 25.50 | `2550` |\n| SEK 150.00 | `15000` |', 'Using your **secret key**, your backend calls `POST /payments` with the token, amount, and currency. The `amount` field is always expressed in the **smallest currency unit** (cents for EUR/USD/GBP).', '**v1** accepted amounts in either decimal (`49.99`) or integer (`4999`) format, depending on the endpoint.', '| Parameter     | Type    | Required | Description                                      |\n|---------------|---------|----------|--------------------------------------------------|\n| amount        | integer | Yes      | Amount in cents (e.g. 1000 = €10.00)            |\n| currency      | string  | Yes      | ISO 4217 code. Supported: EUR, USD, GBP, CHF, SEK, NOK, DKK |\n| source        | string  | Yes      | Payment method token or card ID                  |\n| description   | string  | No       | Max 255 characters                               |\n| metadata      | object  | No       | Max 50 key-value pairs, keys max 40 chars        |\n| capture       | boolean | No       | Default: true. Set false for auth-only           |\n| idempotency_key | string | No     | Max 64 characters. Ensures deduplication         |']","According to the provided context, `amount` in the API is represented as an **integer** in the **smallest currency unit** (cents, pennies, etc.). Specifically:

*   It must be expressed in cents for EUR/USD/GBP ([3]).
*   Examples show how amounts like €10.00 should be represented as `1000` ([2]).
*   The parameter type for `amount` in the `/payments` endpoint is `integer` ([5]).
*   v1 accepted amounts in either decimal or integer format ([4]).","Always in cents as an integer. For example, 1000 = €10.00. This avoids floating point precision issues.",1.0,0.8528441047938301,0.94999999997625,1.0
What does the X-RateLimit-Reset header contain?,"['`X-RateLimit-Reset` is a Unix timestamp indicating when the current window resets.', '```\nX-RateLimit-Limit: 1000\nX-RateLimit-Remaining: 847\nX-RateLimit-Reset: 1714500060\nX-RateLimit-Window: 60\n```', '- [ ] **Rate limit headers monitored**: Your application reads the `X-RateLimit-Remaining` and `X-RateLimit-Reset` response headers and alerts when approaching limits.\n- [ ] **Bulk operations throttled**: Batch jobs and nightly reconciliation scripts are rate-limited to stay within the thresholds defined in `docs/reference/rate_limits.md`.', 'Monitor the `X-RateLimit-Remaining` response header to adjust your delay dynamically:', 'The `limit` parameter controls how many items are returned per page.']","According to source [1], `X-RateLimit-Reset` is a Unix timestamp indicating when the current window resets.",A Unix timestamp indicating when the current rate limit window resets.,1.0,0.9698291354576897,0.9999999999666667,1.0
Can plain HTTP connections be used with the NexusPay API?,"['All API requests must be made over **HTTPS (TLS 1.2 or higher)**. NexusPay rejects plaintext HTTP connections at the infrastructure level. Ensure that:', 'NexusPay authenticates requests using API keys passed in the HTTP `Authorization` header.', 'Your webhook endpoint receives signed HTTP POST requests from NexusPay. Without proper security:', 'NexusPay uses API keys for authentication. There are two types:', '```javascript\nimport NexusPay from ""@nexuspay/sdk"";']","No, plain HTTP connections cannot be used with the NexusPay API. All API requests must be made over HTTPS (TLS 1.2 or higher). NexusPay rejects plaintext HTTP connections at the infrastructure level. [1]","No. Plain HTTP is rejected with a connection error, not an HTTP response. All requests must use HTTPS.",1.0,0.9999999999999998,0.9999999999,1.0
What happens to an authorized payment if I do not capture it within 7 days?,"['### POST /payments/:id/capture\nCapture an authorized payment. Only valid if `capture: false` was set on creation. Must be called within **7 days** of authorization.', ""**Separation of authorization and capture.** By default, `POST /payments` both authorizes and captures in a single step. For marketplaces and delayed fulfillment, set `capture: false` to authorize only. The authorization holds funds on the customer's card for up to 7 days. After that, the authorization expires automatically."", 'The `capture_before` timestamp indicates the deadline by which you must capture. Authorizations expire after **7 days**. After expiry, the hold is automatically released and the funds return to the customer — you cannot capture an expired authorization.', '| Error code | Cause | Resolution |\n|------------|-------|------------|\n| `authorization_expired` | Attempted capture after the 7-day window | Create a new authorization |\n| `authorization_already_captured` | Payment already captured | No action needed; check payment status |\n| `invalid_capture_amount` | Capture amount exceeds authorized amount | Capture equal to or less than the original amount |', 'To authorize without capturing, set `capture` to `false` in the payment creation request:']","According to the provided context ([3], [4]), if you do not capture an authorized payment within **7 days**, the hold is automatically released and the funds return to the customer. You cannot capture an expired authorization. An error code `authorization_expired` will be returned if you attempt to capture after the 7-day window ([4]).",The authorization expires automatically and the held funds are released. You cannot capture it after expiry — the error code returned is capture_window_expired.,1.0,0.9071729063797696,0.9999999999666667,0.5
What filters can I use when listing subscriptions?,"['| Filter        | Type   | Description                              |\n|---------------|--------|------------------------------------------|\n| `customer_id` | string | Subscriptions for a specific customer    |\n| `status`      | string | `active`, `cancelled`, `past_due`, `trialing` |\n| `plan_id`     | string | Subscriptions on a specific plan         |', 'List endpoints support filters via query parameters.', 'On subscription objects, record the plan tier, feature flags, or sales channel to support analytics queries without joining across systems.', 'Attach the customer to a plan to start a subscription. Optionally include a trial period.', '```json\nDELETE /subscriptions/sub_01HXYZ4444444444\n```']","According to context [2], list endpoints support filters via query parameters. Context [1] details the available filters: `customer_id` (string), `status` (string - `active`, `cancelled`, `past_due`, `trialing`), and `plan_id` (string). 

Therefore, you can use `customer_id`, `status`, and `plan_id` filters when listing subscriptions.","customer_id, status (active, cancelled, past_due, trialing), and plan_id.",1.0,0.9503800054362761,0.9999999999,1.0
What is the maximum date range for a report summary query?,"['The maximum date range for a single report request is **365 days**. Requests spanning more than 365 days return a `400 invalid_request` error. For multi-year data, make multiple requests with non-overlapping date ranges and aggregate the results in your application.', 'The maximum date range for list queries is **365 days**. Requests spanning more than 365 days will return a validation error. For longer ranges, use the Reports API.', '```\nGET /reports/summary?start_date=2025-06-01&end_date=2025-06-30&granularity=week\n```', '```\nGET /reports/summary?start_date=2025-01-01&end_date=2025-12-31&granularity=month\n```', '```\nGET /reports/summary?start_date=2025-01-01&end_date=2025-12-31&granularity=month\n```']",The maximum date range for a report summary query is **365 days**. Requests spanning more than 365 days return a `400 invalid_request` error. (Source: guides/reporting_guide.md),"365 days. For longer ranges, use the Reports API.",1.0,1.0,0.99999999995,1.0
What does the do_not_honor error mean and what should the customer do?,"['- [ ] **All error codes handled**: Your application handles every error code in `docs/reference/error_codes.md` gracefully — no unhandled exceptions that surface raw API errors to end users.\n- [ ] **Non-retryable errors not retried**: `card_declined`, `expired_card`, `do_not_honor`, and similar codes do not trigger automatic retries. The customer is prompted to resolve the issue instead.\n- [ ] **Retryable errors use backoff**: `service_unavailable`, `gateway_timeout`, and `internal_server_error` responses trigger retries with exponential backoff. See `docs/guides/error_handling_guide.md`.\n- [ ] **Rate limit errors handled**: HTTP 429 responses read the `retry_after` value and wait the specified duration before retrying.', 'These errors indicate a deterministic failure — retrying the same request will produce the same result and may cause harm (e.g., charging the customer twice or confusing them with repeated declines).', '| `decline_code` | Customer-facing message |\n|----------------|------------------------|\n| `insufficient_funds` | ""Your card has insufficient funds. Please try a different card."" |\n| `expired_card` | ""Your card has expired. Please update your payment details."" |\n| `do_not_honor` | ""Your bank declined this transaction. Please contact your bank or use a different card."" |\n| `lost_card` | ""This transaction cannot be processed. Please contact your bank."" |\n| `stolen_card` | ""This transaction cannot be processed. Please contact your bank."" |', 'if (error) {\n      // Display error to the customer\n      showError(error.message);\n      return;\n    }', '| Card Number | Outcome | Error Code |\n|-------------|---------|------------|\n| `4242 4242 4242 4242` | Payment succeeds | — |\n| `4000 0000 0000 0002` | Card declined | `card_declined` |\n| `4000 0000 0000 9995` | Insufficient funds | `card_declined` / `insufficient_funds` |\n| `4000 0000 0000 0069` | Card expired | `expired_card` |\n| `4000 0000 0000 0127` | Incorrect CVC | `incorrect_cvc` |\n| `4000 0000 0000 0119` | Processing error | `processing_error` |\n| `4000 0000 0000 0044` | Do not honour | `do_not_honor` |']","According to the provided context ([3]), the `do_not_honor` error means ""Your bank declined this transaction. Please contact your bank or use a different card."" 

Additionally, context [1] states that `do_not_honor` is a non-retryable error, meaning the customer should be prompted to resolve the issue instead of automatic retries.",do_not_honor is a generic decline from the card issuer. The customer should contact their bank directly — NexusPay cannot provide more specific information.,1.0,0.9393573015719782,0.7555555555303703,1.0
