user_input,retrieved_contexts,response,reference,faithfulness,answer_relevancy,context_precision,context_recall
What is the difference between a secret key and a publishable key?,"['- **Publishable key** — safe to embed in frontend code; used only to tokenize card data.\n- **Secret key** — must never leave your backend; used to create and manage payments.', '**Publishable keys** are limited to read operations and payment method tokenization. They are safe to embed in frontend JavaScript or mobile apps. A publishable key cannot create a payment directly — it can only create a payment method token, which your server then uses with the secret key.', '- **Secret keys** (`sk_live_...` or `sk_test_...`): Full access. Never expose in client-side code or public repositories.\n- **Publishable keys** (`pk_live_...` or `pk_test_...`): Read-only, safe for frontend use. Can tokenize payment methods.', '| Key Type | Prefix | Where to use | Who can see it |\n|----------|--------|--------------|----------------|\n| Publishable key | `pk_live_` / `pk_test_` | Frontend (browser/app) | Visible to end users — safe by design |\n| Secret key | `sk_live_` / `sk_test_` | Backend only | **Must never be exposed** |', '**Secret keys** have full API access: create payments, issue refunds, manage subscriptions, access reports. They must be stored securely on your server and never exposed to clients.']","Based on the provided context:

**Secret keys** have full API access (create payments, issue refunds, manage subscriptions, access reports) and **must never be exposed** in client-side code or public repositories. They are used on your backend.

**Publishable keys** are limited to read operations and payment method tokenization. They are **safe to embed in frontend** JavaScript or mobile apps. They cannot create payments directly, only create tokens for your server to use with the secret key. They are visible to end users by design. 



In short, secret keys are for backend use and have full access, while publishable keys are for frontend use and have limited access. Secret keys must be kept secure, while publishable keys are designed to be visible.",Secret keys have full API access and must be stored server-side. Publishable keys are read-only and safe for frontend use — they can tokenize payment methods but cannot create payments directly.,1.0,0.6688192766413106,0.99999999998,1.0
Why does NexusPay use cursor-based pagination instead of offset pagination?,"['All list endpoints in NexusPay use cursor-based pagination. This approach is more reliable than offset pagination for large datasets and real-time data.', 'NexusPay uses cursor-based pagination across all list endpoints. This guide covers patterns for fetching all records in a loop, terminating iteration correctly, staying within rate limits during bulk fetches, and running parallel paginated queries.', '### 1. Pagination: Cursor-Based Replaces Offset-Based', 'Offset pagination (`?page=2&per_page=10`) has a fundamental problem with real-time data: if a new payment is created between your first and second request, every item shifts by one position, causing duplicates or skipped items. Cursor pagination avoids this entirely.', 'This is particularly useful for support tooling and reconciliation scripts that need to look up a payment by your own internal reference rather than the NexusPay payment ID.']","NexusPay uses cursor-based pagination because offset pagination has a fundamental problem with real-time data: if a new payment is created between your first and second request, every item shifts by one position, causing duplicates or skipped items. Cursor pagination avoids this entirely. (Source: reference/pagination_filtering.md & guides/api_versioning.md)",Offset pagination has a problem with real-time data: new items shift positions causing duplicates or skipped items. Cursor pagination avoids this by tracking exact position.,0.75,0.957246804790788,0.99999999998,1.0
How does the authorization and capture flow work?,"[""**Separation of authorization and capture.** By default, `POST /payments` both authorizes and captures in a single step. For marketplaces and delayed fulfillment, set `capture: false` to authorize only. The authorization holds funds on the customer's card for up to 7 days. After that, the authorization expires automatically."", 'To test authorization and capture flows, create a payment with `capture: false` using any success card. See `docs/guides/auth_capture_flow.md`.', 'When you know the final amount, capture the authorization. You may capture the full authorized amount or a lesser amount — you cannot capture more than the original authorization.', ""An authorization places a hold on the customer's funds without immediately settling the charge. Use this flow when:"", 'This guide explains how to separate the authorization of a payment from its capture — a common pattern in industries where the final charge amount is not known at the time of booking.']","The authorization and capture flow involves two steps: authorization and capture. 

First, you authorize a payment by creating a payment with `capture: false`. This places a hold on the customer's funds for up to 7 days without immediately settling the charge. This flow is useful when the final charge amount isn't known at the time of booking.

Once you know the final amount, you capture the authorization. You can capture the full authorized amount or a lesser amount, but you cannot capture more than the original authorization. This completes the charge to the customer's card.","By default, POST /payments authorizes and captures in one step. Setting capture: false authorizes only, holding funds for up to 7 days. You then call POST /payments/:id/capture to complete.",0.8,0.8309706596489378,0.99999999998,1.0
Can I rely on webhooks as the primary confirmation of a payment?,"['**Eventual consistency for webhooks.** Webhook delivery is asynchronous. After a payment succeeds, the `payment.succeeded` event may arrive at your endpoint within milliseconds or up to 30 seconds later, depending on load. Never rely on webhooks as the primary source of truth — always confirm payment status via the API.', 'Webhooks allow NexusPay to push real-time event notifications to your server when something happens in your account — a payment succeeds, a subscription renews, a dispute is opened, and so on. This guide explains how to receive, verify, and handle webhook events reliably.', 'For most card payments, the `status` in the synchronous API response is definitive. However, for certain payment methods, the outcome may be delivered asynchronously via the `payment.succeeded` or `payment.failed` webhook event. Implement webhook handling as described in `docs/guides/webhooks_guide.md` to handle these cases.', '- Attackers can forge fake webhook events to trigger unintended actions (e.g., marking an order as paid without a real payment).\n- Replayed legitimate events can cause duplicate processing.', '- [ ] Successful payment creates and stores a payment ID correctly\n- [ ] Declined payment surfaces an appropriate error message to the user\n- [ ] Retry with the same idempotency key returns the original result (not a new payment)\n- [ ] Refund creates correctly and fires `refund.succeeded` webhook\n- [ ] Webhook signature verification rejects tampered payloads\n- [ ] Webhook timestamp check rejects events older than 5 minutes\n- [ ] Duplicate webhook delivery is handled idempotently']","No, you should not rely on webhooks as the primary source of truth for payment status. According to source [1], webhook delivery is asynchronous and can take up to 30 seconds. You should always confirm payment status via the API instead. Source [3] also states that for certain payment methods, the outcome may be delivered asynchronously via webhooks, reinforcing the need to confirm via the API.",No. Webhook delivery is asynchronous and can be delayed up to 30 seconds. Always confirm payment status via the API directly.,0.6,0.9065671800392462,0.999999999975,1.0
How should I rotate API keys without downtime?,"['You can create multiple API keys per account and assign them different permission scopes. This allows you to rotate keys without downtime:', '- Never commit API keys to version control. Use environment variables or a secrets manager.\n- Use the principle of least privilege — scope keys to the minimum required operations.\n- Rotate keys every 90 days in high-security environments.\n- Monitor API key usage in the dashboard — unexpected spikes may indicate a compromised key.\n- Use different keys for different environments (development, staging, production).', 'Rotate your secret key immediately if you suspect it has been compromised. In the Dashboard under **Developers → API Keys**, you can issue a new key. After issuing the new key:', ""1. Update your application's environment variable or secrets manager entry.\n2. Deploy the updated configuration.\n3. Revoke the old key only after confirming the new key is serving production traffic successfully."", 'Always use an **idempotency key** on requests you intend to retry. This ensures that even if the original request succeeded and the response was lost in transit, retrying returns the original result rather than creating a duplicate. See `docs/guides/idempotency_guide.md`.']",You can create multiple API keys per account and assign them different permission scopes. This allows you to rotate keys without downtime. (source: reference/authentication.md),"Create the new key, deploy the application with it, then revoke the old key. Revoking is immediate and irreversible.",0.75,0.5864640836454922,0.999999999975,0.75
What happens if I submit the same idempotency key twice with different parameters?,"['**Idempotency first.** Every write operation accepts an `idempotency_key` parameter. If the same key is submitted twice, the second request returns the result of the first without creating a duplicate. This is critical for payment systems where network failures can cause retries.', 'Always use an **idempotency key** on requests you intend to retry. This ensures that even if the original request succeeded and the response was lost in transit, retrying returns the original result rather than creating a duplicate. See `docs/guides/idempotency_guide.md`.', 'Idempotency is a property of an operation whereby performing it multiple times produces the same result as performing it once. In payments, this is critical: without idempotency, a network timeout could cause your server to retry a request and accidentally charge the customer twice.', '- [ ] Successful payment creates and stores a payment ID correctly\n- [ ] Declined payment surfaces an appropriate error message to the user\n- [ ] Retry with the same idempotency key returns the original result (not a new payment)\n- [ ] Refund creates correctly and fires `refund.succeeded` webhook\n- [ ] Webhook signature verification rejects tampered payloads\n- [ ] Webhook timestamp check rejects events older than 5 minutes\n- [ ] Duplicate webhook delivery is handled idempotently', '1. Generate the idempotency key **before** making the request.\n2. Store the key **before** sending the request (in case your process crashes mid-flight).\n3. Reuse the same key on every retry attempt for the same operation.\n4. Only generate a new key when you are intentionally starting a new operation.']","Based on the provided context, submitting the same idempotency key twice will return the result of the first request without creating a duplicate. This is stated in [1] and [2]. Specifically, [1] says ""If the same key is submitted twice, the second request returns the result of the first without creating a duplicate."" [2] reinforces this by stating you should ""Always use an **idempotency key** on requests you intend to retry. This ensures that even if the original request succeeded and the response was lost in transit, retrying returns the original result rather than creating a duplicate.""

The context does *not* specify what happens if the parameters are different. It only addresses the scenario where the same key is used repeatedly for the same operation.",The API returns HTTP 409 with error code idempotency_key_mismatch.,1.0,0.8990874589214296,0.99999999998,0.0
How do I paginate through all succeeded EUR payments from Q1 2025?,"['```\nGET /payments?status=succeeded&currency=EUR&from=2025-01-01&to=2025-03-31&limit=100\n```', '# Example: fetch all EUR payments in June\npayments = fetch_all_payments({\n    ""currency"": ""EUR"",\n    ""created_after"": ""2025-06-01T00:00:00Z"",\n    ""created_before"": ""2025-06-30T23:59:59Z"",\n    ""status"": ""succeeded""\n})\n```', '**Step 2 — Retrieve individual payments for the same period:**\n```\nGET /payments?created_after=2025-06-01T00:00:00Z&created_before=2025-06-30T23:59:59Z&currency=EUR&status=succeeded\n```', '### GET /payments\nList payments. Supports pagination via `limit` (max 100, default 10) and `starting_after`.', '**v1 (offset pagination):**\n```\nGET /payments?limit=10&offset=40\n```']","Based on the provided context, here's how you can paginate through all succeeded EUR payments from Q1 2025:

You can use the `GET /payments` endpoint with the following parameters:

*   `status=succeeded`
*   `currency=EUR`
*   `from=2025-01-01`
*   `to=2025-03-31`
*   `limit=100`

You can use `limit` to control the number of payments returned per request (maximum 100).  You can also use `starting_after` (reference [4]) to continue from where you left off in previous requests.  

Example:

```
GET /payments?status=succeeded&currency=EUR&from=2025-01-01&to=2025-03-31&limit=100
```

You would make multiple requests, incrementing `starting_after` each time until you have retrieved all payments.  Alternatively, you can use `offset` pagination (reference [5]) if you are using version v1 of the API.","Use GET /payments with filters status=succeeded, currency=EUR, from=2025-01-01, to=2025-03-31, limit=100. Use the next_cursor from each response as starting_after until has_more is false.",0.6,0.9981364296784907,0.99999999998,
What scopes are available for API keys on Pro and Enterprise plans?,"['On Pro and Enterprise plans, API keys can be scoped to specific operations:', '**Secret keys** have full API access: create payments, issue refunds, manage subscriptions, access reports. They must be stored securely on your server and never exposed to clients.', 'Scoped keys are not available on Free or Starter plans — those plans only support full-access keys.', '| Scope              | Operations allowed                        |\n|--------------------|-------------------------------------------|\n| `payments:read`    | GET /payments, GET /payments/:id          |\n| `payments:write`   | POST /payments, capture, cancel           |\n| `refunds:write`    | POST /refunds                             |\n| `subscriptions`    | All subscription endpoints                |\n| `reports:read`     | GET /reports/*                            |\n| `webhooks`         | All webhook endpoints                     |', 'You can create multiple API keys per account and assign them different permission scopes. This allows you to rotate keys without downtime:']","On Pro and Enterprise plans, the following scopes are available for API keys:

*   `payments:read` - GET /payments, GET /payments/:id
*   `payments:write` - POST /payments, capture, cancel
*   `refunds:write` - POST /refunds
*   `subscriptions` - All subscription endpoints
*   `reports:read` - GET /reports/*
*   `webhooks` - All webhook endpoints","payments:read, payments:write, refunds:write, subscriptions, reports:read, webhooks. Scoped keys are not available on Free or Starter plans.",1.0,0.9955372650085443,0.99999999998,1.0
How does NexusPay determine which environment a request goes to?,"['NexusPay is a payment processing API designed for European businesses. It handles the full payment lifecycle: authorization, capture, settlement, refunds, and recurring billing through subscriptions.', 'NexusPay provides a fully isolated sandbox environment that mirrors production behaviour without processing real money. This guide explains how to use test card numbers, trigger specific error scenarios, and test your webhook handlers.', 'NexusPay uses API keys for authentication. There are two types:', 'NexusPay authenticates requests using API keys passed in the HTTP `Authorization` header.', ""1. **Your frontend** uses the NexusPay.js library (or mobile SDK) and your **publishable key** to collect card data directly in the customer's browser.\n2. Card data travels directly to NexusPay's PCI-compliant servers — it never touches your backend.\n3. NexusPay returns a short-lived, single-use **payment token** that contains no sensitive data.\n4. **Your backend** uses this token with your **secret key** to create a payment.""]",The context does not provide information about how NexusPay determines which environment a request goes to. It only mentions a sandbox environment for testing ([2]) but doesn't detail how requests are routed to it versus production.,"By the API key prefix, not the URL. Keys starting with sk_test_ route to sandbox, sk_live_ to live — both use the same base URL.",1.0,0.0,0.6791666666496875,1.0
What happens to active subscriptions if I delete a customer?,"['**Critical warning:** Deleting a customer object does **not** automatically cancel their active subscriptions. If a customer with active subscriptions is deleted:', '### GET /customers/:id\n### PUT /customers/:id\n### DELETE /customers/:id\nDeleting a customer does not cancel active subscriptions — cancel subscriptions first.', '**Always cancel all active subscriptions before deleting a customer:**', 'The subscription remains `active` until the end of the current billing period, then transitions to `cancelled`:', '### POST /subscriptions/:id/cancel\nCancel a subscription. `cancel_at_period_end: true` cancels at next billing date.']","Deleting a customer does **not** automatically cancel their active subscriptions. You must cancel all active subscriptions *before* deleting a customer. Active subscriptions will remain `active` until the end of the current billing period, then transition to `cancelled`.",Deleting a customer does not cancel their active subscriptions. You must cancel subscriptions explicitly before deleting the customer.,1.0,0.9650317078153217,0.99999999998,1.0
What is the difference between cancel_at_period_end and immediate cancellation for subscriptions?,"['### POST /subscriptions/:id/cancel\nCancel a subscription. `cancel_at_period_end: true` cancels at next billing date.', 'The subscription remains `active` until the end of the current billing period, then transitions to `cancelled`:', '### GET /customers/:id\n### PUT /customers/:id\n### DELETE /customers/:id\nDeleting a customer does not cancel active subscriptions — cancel subscriptions first.', 'Immediate cancellation does not issue a refund for unused time. If a refund is owed, issue it separately via the Refunds API (see `docs/guides/refunds_guide.md`).', '**Critical warning:** Deleting a customer object does **not** automatically cancel their active subscriptions. If a customer with active subscriptions is deleted:']","According to the provided context:

*   `cancel_at_period_end: true` (from [1]) cancels the subscription at the next billing date. The subscription remains `active` until the end of the current billing period, then transitions to `cancelled` ([2]).
*   Immediate cancellation (from [4]) does not issue a refund for unused time. If a refund is owed, it must be issued separately via the Refunds API.","Setting cancel_at_period_end: true cancels at the next billing date, allowing the customer to use the service until then. Immediate cancellation stops billing right away.",1.0,0.8172683574889025,0.8041666666465626,1.0
How should I handle a card_declined error?,"[""**Do not retry `card_declined` errors.** Repeated decline attempts may trigger fraud flags at the issuer and worsen the customer's experience. Instead, prompt the customer to try a different card or contact their bank."", '- [ ] **All error codes handled**: Your application handles every error code in `docs/reference/error_codes.md` gracefully — no unhandled exceptions that surface raw API errors to end users.\n- [ ] **Non-retryable errors not retried**: `card_declined`, `expired_card`, `do_not_honor`, and similar codes do not trigger automatic retries. The customer is prompted to resolve the issue instead.\n- [ ] **Retryable errors use backoff**: `service_unavailable`, `gateway_timeout`, and `internal_server_error` responses trigger retries with exponential backoff. See `docs/guides/error_handling_guide.md`.\n- [ ] **Rate limit errors handled**: HTTP 429 responses read the `retry_after` value and wait the specified duration before retrying.', 'Not all `card_declined` errors are equivalent. Use `decline_code` to provide a specific message to the customer:', '| `decline_code` | Customer-facing message |\n|----------------|------------------------|\n| `insufficient_funds` | ""Your card has insufficient funds. Please try a different card."" |\n| `expired_card` | ""Your card has expired. Please update your payment details."" |\n| `do_not_honor` | ""Your bank declined this transaction. Please contact your bank or use a different card."" |\n| `lost_card` | ""This transaction cannot be processed. Please contact your bank."" |\n| `stolen_card` | ""This transaction cannot be processed. Please contact your bank."" |', 'Robust error handling is essential for building reliable payment integrations. This guide covers how to classify errors, implement safe retry logic, handle rate limits, and structure your logging to aid incident response.']","According to the provided context:

You should **not retry `card_declined` errors**. Instead, prompt the customer to try a different card or contact their bank. You can also use the `decline_code` to provide a specific customer-facing message based on the reason for the decline (e.g., insufficient funds, expired card, etc.). Here are some examples of customer-facing messages based on `decline_code`:

*   `insufficient_funds`: ""Your card has insufficient funds. Please try a different card.""
*   `expired_card`: ""Your card has expired. Please update your payment details.""
*   `do_not_honor`: ""Your bank declined this transaction. Please contact your bank or use a different card.""
*   `lost_card`: ""This transaction cannot be processed. Please contact your bank.""
*   `stolen_card`: ""This transaction cannot be processed. Please contact your bank.""",card_declined means the issuer rejected the payment. The customer should try a different card or contact their bank. Do not retry the same card automatically as it may trigger fraud detection.,1.0,0.9407338261298458,0.99999999998,1.0
What security practices does NexusPay recommend for API keys?,"['- Never commit API keys to version control. Use environment variables or a secrets manager.\n- Use the principle of least privilege — scope keys to the minimum required operations.\n- Rotate keys every 90 days in high-security environments.\n- Monitor API key usage in the dashboard — unexpected spikes may indicate a compromised key.\n- Use different keys for different environments (development, staging, production).', 'NexusPay uses a two-key model to keep your server out of PCI scope as much as possible:', '1. Immediately rotate your API keys via the Dashboard.\n2. Review your webhook secret and rotate it if there is any risk of exposure.\n3. Contact NexusPay security at security@nexuspay.eu with your account ID and a description of the incident.\n4. Preserve logs and do not delete any potentially relevant data until the investigation is complete.', '- Store the secret key in environment variables or a secrets manager (e.g., HashiCorp Vault, AWS Secrets Manager). Never hardcode it in source code.\n- Never commit secret keys to version control, even in private repositories.\n- Never log the secret key or include it in error messages.\n- Do not include the secret key in frontend JavaScript bundles.', ""- Do not store sensitive data in metadata: no card numbers, passwords, SSNs, or authentication tokens.\n- Metadata is visible to anyone with access to your NexusPay Dashboard and to any system that calls the API with your secret key. Apply the same access controls you would to any business data.\n- Metadata is not end-to-end encrypted beyond NexusPay's standard data-at-rest encryption. Do not rely on it for data classification purposes.""]","NexusPay recommends several security practices for API keys:

*   **Never commit API keys to version control.** Use environment variables or a secrets manager instead. ([1])
*   **Use the principle of least privilege** – scope keys to the minimum required operations. ([1])
*   **Rotate keys every 90 days** in high-security environments. ([1])
*   **Monitor API key usage** in the dashboard for unexpected spikes. ([1])
*   **Use different keys for different environments** (development, staging, production). ([1])
*   **Immediately rotate your API keys** via the Dashboard in case of an incident. ([3])
*   **Store the secret key** in environment variables or a secrets manager. ([4])
*   **Never log the secret key** or include it in error messages. ([4])
*   **Never include the secret key** in frontend JavaScript bundles. ([4])","Use environment variables or a secrets manager, never commit to version control, use least-privilege scopes, rotate every 90 days in high-security environments, monitor for unexpected usage spikes.",1.0,1.0,0.99999999998,1.0
How does the webhook retry policy work?,"['**Retry policy:** Failed webhook deliveries are retried up to **5 times** with exponential backoff: 1min, 5min, 30min, 2h, 8h.', 'def retry_with_backoff(fn, max_retries=4):\n    for attempt in range(max_retries):\n        try:\n            return fn()\n        except RetryableError as e:\n            if attempt == max_retries - 1:\n                raise\n            wait = (2 ** attempt) + random.uniform(0, 1)\n            time.sleep(wait)\n```', '**Eventual consistency for webhooks.** Webhook delivery is asynchronous. After a payment succeeds, the `payment.succeeded` event may arrive at your endpoint within milliseconds or up to 30 seconds later, depending on load. Never rely on webhooks as the primary source of truth — always confirm payment status via the API.', 'Always use an **idempotency key** on requests you intend to retry. This ensures that even if the original request succeeded and the response was lost in transit, retrying returns the original result rather than creating a duplicate. See `docs/guides/idempotency_guide.md`.', '- [ ] Successful payment creates and stores a payment ID correctly\n- [ ] Declined payment surfaces an appropriate error message to the user\n- [ ] Retry with the same idempotency key returns the original result (not a new payment)\n- [ ] Refund creates correctly and fires `refund.succeeded` webhook\n- [ ] Webhook signature verification rejects tampered payloads\n- [ ] Webhook timestamp check rejects events older than 5 minutes\n- [ ] Duplicate webhook delivery is handled idempotently']","Failed webhook deliveries are retried up to **5 times** with exponential backoff: 1min, 5min, 30min, 2h, 8h. (source: reference/endpoints.md)","Failed deliveries are retried up to 5 times with exponential backoff: 1 minute, 5 minutes, 30 minutes, 2 hours, 8 hours.",1.0,0.7078929471670645,0.99999999998,1.0
What webhook event is fired when a subscription billing fails?,"['- The subscriptions remain in the `active` or `trialing` state.\n- Renewal charges will fail because the customer record no longer exists.\n- This results in failed subscription payments and `subscription.payment_failed` webhook events.', 'This triggers the renewal charge immediately, firing the appropriate webhook events (`subscription.renewed` or `subscription.payment_failed`).', 'When a subscription renewal charge fails, NexusPay fires the `subscription.payment_failed` webhook:', '| Event                        | Trigger                                 |\n|-----------------------------|-----------------------------------------|\n| payment.succeeded           | Payment completes successfully          |\n| payment.failed              | Payment fails                           |\n| payment.refunded            | Refund created                          |\n| subscription.created        | New subscription starts                 |\n| subscription.renewed        | Subscription renews                     |\n| subscription.cancelled      | Subscription cancelled                  |\n| subscription.payment_failed | Subscription billing fails              |\n| customer.created            | New customer created                    |\n| dispute.created             | Chargeback initiated                    |', '**Recommended action on `subscription.payment_failed`:**\n- Notify the customer by email with a link to update their payment method.\n- Check `attempt_count` to escalate urgency in follow-up messages.']","According to source [3] and [4], the webhook event fired when a subscription billing fails is `subscription.payment_failed`.",subscription.payment_failed,1.0,0.9366303553682847,0.99999999998,1.0
Where is NexusPay data stored by default?,"[""- Do not store sensitive data in metadata: no card numbers, passwords, SSNs, or authentication tokens.\n- Metadata is visible to anyone with access to your NexusPay Dashboard and to any system that calls the API with your secret key. Apply the same access controls you would to any business data.\n- Metadata is not end-to-end encrypted beyond NexusPay's standard data-at-rest encryption. Do not rely on it for data classification purposes."", ""1. **Your frontend** uses the NexusPay.js library (or mobile SDK) and your **publishable key** to collect card data directly in the customer's browser.\n2. Card data travels directly to NexusPay's PCI-compliant servers — it never touches your backend.\n3. NexusPay returns a short-lived, single-use **payment token** that contains no sensitive data.\n4. **Your backend** uses this token with your **secret key** to create a payment."", 'Store your internal user or customer ID on NexusPay customer and payment objects. This is especially useful when a customer uses multiple email addresses or payment methods across their lifetime.', 'NexusPay uses API keys for authentication. There are two types:', '- [ ] **Card tokenization only on frontend**: Raw card data is never sent to your backend. All card collection uses NexusPay.js or the mobile SDK with your publishable key.\n- [ ] **Payment IDs persisted before order fulfilment**: The `payment.id` is saved to your database as part of the same transaction that fulfils the order, preventing fulfilment without a confirmed payment reference.\n- [ ] **Amount in smallest currency unit**: All `amount` values are expressed in cents (or equivalent), not decimal. €10.00 = `1000`.']","Based on context [1], NexusPay data is not end-to-end encrypted beyond NexusPay's standard data-at-rest encryption. This implies it's stored on NexusPay's servers. Context [2] states card data travels directly to NexusPay's PCI-compliant servers. Therefore, NexusPay data is stored on **NexusPay's PCI-compliant servers**.","EU region, specifically Frankfurt, Germany. US data residency is available on Enterprise plans but cannot be changed after account creation.",0.5,0.8325308654372812,0.6791666666496875,0.0
How does proration work when upgrading a subscription?,"['### POST /subscriptions/:id/upgrade\nUpgrade or downgrade a subscription plan. Proration is calculated automatically.', ""To change a subscription's plan, update the `plan_id`. NexusPay calculates proration automatically."", '| `proration_behavior` | Effect |\n|----------------------|--------|\n| `create_prorations` | Immediately charges or credits the prorated difference |\n| `none` | Plan changes at next billing period with no immediate charge |', 'Plans define the recurring charge amount and interval. Create plans once and reuse them across many subscriptions.', 'The subscription remains `active` until the end of the current billing period, then transitions to `cancelled`:']","According to the context provided, when upgrading a subscription, NexusPay calculates proration automatically. You can control *when* this proration happens using the `proration_behavior` setting:

*   `create_prorations`: Immediately charges or credits the prorated difference.
*   `none`: Plan changes at the next billing period with no immediate charge.

You update the `plan_id` to change the subscription's plan (source [2]).","When calling POST /subscriptions/:id/upgrade, proration is calculated automatically by NexusPay.",1.0,0.8185599905920018,0.99999999998,1.0
What authentication methods are supported for the NexusPay dashboard?,"['NexusPay uses API keys for authentication. There are two types:', 'NexusPay authenticates requests using API keys passed in the HTTP `Authorization` header.', 'NexusPay signs every webhook request using **HMAC-SHA256** with your webhook secret. Always verify the signature before processing the payload. Failing to do so exposes your endpoint to spoofed events.', 'API key management in the dashboard requires two-factor authentication (2FA). 2FA can be configured via TOTP (Google Authenticator, Authy) or hardware security keys (FIDO2/WebAuthn).', 'After creating a customer, attach a payment method using a token obtained from NexusPay.js (see `docs/guides/payments_flow.md`):']","API key management in the dashboard requires two-factor authentication (2FA). 2FA can be configured via TOTP (Google Authenticator, Authy) or hardware security keys (FIDO2/WebAuthn). [source: reference/authentication.md]","Two-factor authentication is required for key management. Supported methods: TOTP (Google Authenticator, Authy) or hardware security keys (FIDO2/WebAuthn).",0.75,0.6367489302933741,0.99999999998,1.0
How is amount represented in the API?,"['All `amount` values in the API must be expressed in the **smallest currency unit** (cents, pennies, etc.):', 'Amounts are always expressed in the **smallest currency unit**. For EUR, that is cents: €10.00 = `1000`.', 'Using your **secret key**, your backend calls `POST /payments` with the token, amount, and currency. The `amount` field is always expressed in the **smallest currency unit** (cents for EUR/USD/GBP).', '| Amount you want to charge | Correct API value |\n|---------------------------|-------------------|\n| €10.00 | `1000` |\n| $49.99 | `4999` |\n| CHF 25.50 | `2550` |\n| SEK 150.00 | `15000` |', '**v1** accepted amounts in either decimal (`49.99`) or integer (`4999`) format, depending on the endpoint.']","According to the provided context, amounts in the API are always expressed in the **smallest currency unit** (cents, pennies, etc.). Specifically:

*   For EUR, €10.00 = `1000`.
*   For USD/GBP/CHF, amounts are expressed in cents.
*   Examples show €10.00 = `1000`, $49.99 = `4999`, CHF 25.50 = `2550`, SEK 150.00 = `15000`.

Previously (v1), amounts could be represented in either decimal (`49.99`) or integer (`4999`) format depending on the endpoint. However, the current context emphasizes the use of the smallest currency unit in integer format.","Always in cents as an integer. For example, 1000 = €10.00. This avoids floating point precision issues.",1.0,0.9136066692945569,0.99999999998,1.0
What does the X-RateLimit-Reset header contain?,"['`X-RateLimit-Reset` is a Unix timestamp indicating when the current window resets.', '- [ ] **Rate limit headers monitored**: Your application reads the `X-RateLimit-Remaining` and `X-RateLimit-Reset` response headers and alerts when approaching limits.\n- [ ] **Bulk operations throttled**: Batch jobs and nightly reconciliation scripts are rate-limited to stay within the thresholds defined in `docs/reference/rate_limits.md`.', 'NexusPay API enforces rate limits per API key, per plan. Limits reset every 60 seconds (rolling window).', 'Monitor the `X-RateLimit-Remaining` response header to adjust your delay dynamically:', '| Code                  | Description                                              |\n|-----------------------|----------------------------------------------------------|\n| `rate_limit_exceeded` | Too many requests. Check `retry_after` in response body  |\n| `ip_limit_exceeded`   | IP-level limit of 5,000 req/min exceeded                 |']","According to source [1], `X-RateLimit-Reset` is a Unix timestamp indicating when the current window resets.",A Unix timestamp indicating when the current rate limit window resets.,1.0,0.9238243498371588,0.99999999998,1.0
Can plain HTTP connections be used with the NexusPay API?,"['All API requests must be made over **HTTPS (TLS 1.2 or higher)**. NexusPay rejects plaintext HTTP connections at the infrastructure level. Ensure that:', 'Your webhook endpoint receives signed HTTP POST requests from NexusPay. Without proper security:', 'NexusPay uses API keys for authentication. There are two types:', 'NexusPay signs every webhook request using **HMAC-SHA256** with your webhook secret. Always verify the signature before processing the payload. Failing to do so exposes your endpoint to spoofed events.', 'NexusPay authenticates requests using API keys passed in the HTTP `Authorization` header.']","No, plain HTTP connections cannot be used with the NexusPay API. All API requests must be made over HTTPS (TLS 1.2 or higher). NexusPay rejects plaintext HTTP connections at the infrastructure level. (source: guides/security_guide.md)","No. Plain HTTP is rejected with a connection error, not an HTTP response. All requests must use HTTPS.",1.0,0.9999999999999998,0.99999999998,0.5
What happens to an authorized payment if I do not capture it within 7 days?,"[""**Separation of authorization and capture.** By default, `POST /payments` both authorizes and captures in a single step. For marketplaces and delayed fulfillment, set `capture: false` to authorize only. The authorization holds funds on the customer's card for up to 7 days. After that, the authorization expires automatically."", '### POST /payments/:id/capture\nCapture an authorized payment. Only valid if `capture: false` was set on creation. Must be called within **7 days** of authorization.', 'The `capture_before` timestamp indicates the deadline by which you must capture. Authorizations expire after **7 days**. After expiry, the hold is automatically released and the funds return to the customer — you cannot capture an expired authorization.', '| Error code | Cause | Resolution |\n|------------|-------|------------|\n| `authorization_expired` | Attempted capture after the 7-day window | Create a new authorization |\n| `authorization_already_captured` | Payment already captured | No action needed; check payment status |\n| `invalid_capture_amount` | Capture amount exceeds authorized amount | Capture equal to or less than the original amount |', ""An authorization places a hold on the customer's funds without immediately settling the charge. Use this flow when:""]","According to the provided context ([1], [3], [4]), if you do not capture an authorized payment within 7 days, the hold expires automatically and the funds return to the customer. You cannot capture an expired authorization ([3], [4]). You would need to create a new authorization ([4]).",The authorization expires automatically and the held funds are released. You cannot capture it after expiry — the error code returned is capture_window_expired.,1.0,0.9366860802617502,0.99999999998,1.0
What filters can I use when listing subscriptions?,"['| Filter        | Type   | Description                              |\n|---------------|--------|------------------------------------------|\n| `customer_id` | string | Subscriptions for a specific customer    |\n| `status`      | string | `active`, `cancelled`, `past_due`, `trialing` |\n| `plan_id`     | string | Subscriptions on a specific plan         |', '| Filter       | Type   | Description                    |\n|--------------|--------|--------------------------------|\n| `payment_id` | string | Refunds for a specific payment |\n| `from`       | date   | Created on or after this date  |\n| `to`         | date   | Created on or before this date |', '| Event | Triggered when |\n|-------|---------------|\n| `subscription.created` | New subscription created |\n| `subscription.trial_ending` | 3 days before trial ends |\n| `subscription.renewed` | Successful renewal charge |\n| `subscription.payment_failed` | Renewal charge failed |\n| `subscription.unpaid` | All retry attempts exhausted |\n| `subscription.cancelled` | Subscription cancelled |', '| Parameter    | Type   | Required | Description                                         |\n|--------------|--------|----------|-----------------------------------------------------|\n| customer_id  | string | Yes      | Customer to bill                                    |\n| plan_id      | string | Yes      | Subscription plan ID                                |\n| trial_days   | integer| No       | Free trial period. Max: 90 days                     |\n| billing_cycle| string | No       | `monthly` or `yearly`. Default: `monthly`           |', '| Filter         | Type    | Description                                      |\n|----------------|---------|--------------------------------------------------|\n| `status`       | string  | Filter by status: `pending`, `succeeded`, `failed`, `cancelled` |\n| `customer_id`  | string  | Payments for a specific customer                 |\n| `from`         | date    | Created on or after this date (ISO 8601)         |\n| `to`           | date    | Created on or before this date (ISO 8601)        |\n| `currency`     | string  | ISO 4217 currency code                           |\n| `min_amount`   | integer | Minimum amount in cents                          |\n| `max_amount`   | integer | Maximum amount in cents                          |']","Based on context [1], you can use the following filters when listing subscriptions:

*   `customer_id` (string): Subscriptions for a specific customer
*   `status` (string): `active`, `cancelled`, `past_due`, `trialing`
*   `plan_id` (string): Subscriptions on a specific plan","customer_id, status (active, cancelled, past_due, trialing), and plan_id.",1.0,0.8899672216168998,0.8041666666465626,1.0
What is the maximum date range for a report summary query?,"['The maximum date range for list queries is **365 days**. Requests spanning more than 365 days will return a validation error. For longer ranges, use the Reports API.', 'The maximum date range for a single report request is **365 days**. Requests spanning more than 365 days return a `400 invalid_request` error. For multi-year data, make multiple requests with non-overlapping date ranges and aggregate the results in your application.', 'Report generation is resource-intensive. Long date ranges at daily granularity may take several seconds to process. If you are generating reports programmatically, space out requests and respect the rate limits defined in `docs/reference/rate_limits.md`. Consider scheduling report generation during off-peak hours.', '```\nGET /reports/summary?start_date=2025-01-01&end_date=2025-12-31&granularity=month\n```', '```\nGET /reports/summary?start_date=2025-01-01&end_date=2025-12-31&granularity=month\n```']","The maximum date range for a report summary query is **365 days**. Requests spanning more than 365 days return a `400 invalid_request` error. For multi-year data, multiple requests with non-overlapping date ranges should be made and aggregated in your application. (Sources: [2], [3])","365 days. For longer ranges, use the Reports API.",1.0,0.8464004847181187,0.99999999998,1.0
What does the do_not_honor error mean and what should the customer do?,"[""**Do not retry `card_declined` errors.** Repeated decline attempts may trigger fraud flags at the issuer and worsen the customer's experience. Instead, prompt the customer to try a different card or contact their bank."", 'If the payment fails, the response includes an `error` object with a `code` field. See `docs/guides/error_handling_guide.md` for how to handle specific error codes.', '| Card Number | Outcome | Error Code |\n|-------------|---------|------------|\n| `4242 4242 4242 4242` | Payment succeeds | — |\n| `4000 0000 0000 0002` | Card declined | `card_declined` |\n| `4000 0000 0000 9995` | Insufficient funds | `card_declined` / `insufficient_funds` |\n| `4000 0000 0000 0069` | Card expired | `expired_card` |\n| `4000 0000 0000 0127` | Incorrect CVC | `incorrect_cvc` |\n| `4000 0000 0000 0119` | Processing error | `processing_error` |\n| `4000 0000 0000 0044` | Do not honour | `do_not_honor` |', '| `decline_code` | Customer-facing message |\n|----------------|------------------------|\n| `insufficient_funds` | ""Your card has insufficient funds. Please try a different card."" |\n| `expired_card` | ""Your card has expired. Please update your payment details."" |\n| `do_not_honor` | ""Your bank declined this transaction. Please contact your bank or use a different card."" |\n| `lost_card` | ""This transaction cannot be processed. Please contact your bank."" |\n| `stolen_card` | ""This transaction cannot be processed. Please contact your bank."" |', '| HTTP Status | Error Code | Reason |\n|-------------|------------|--------|\n| 400 | `invalid_request` | Malformed request — fix the payload |\n| 400 | `amount_too_small` | Below minimum — adjust the amount |\n| 402 | `card_declined` | Issuer declined — prompt customer to use a different card |\n| 402 | `expired_card` | Card expired — customer must update card details |\n| 402 | `insufficient_funds` | Not enough funds — customer must resolve with their bank |\n| 402 | `do_not_honor` | Issuer blocked the transaction — do not retry |\n| 404 | `not_found` | Resource does not exist — check the ID |\n| 409 | `idempotency_key_mismatch` | Key reused with different parameters — use a new key |']","According to the provided context ([4] & [5]), the `do_not_honor` error means ""Your bank declined this transaction. Please contact your bank or use a different card."" Furthermore, [1] states you should **not** retry `card_declined` errors (which includes `do_not_honor`), as repeated attempts may trigger fraud flags. Instead, prompt the customer to try a different card or contact their bank.",do_not_honor is a generic decline from the card issuer. The customer should contact their bank directly — NexusPay cannot provide more specific information.,1.0,0.8866475212376917,,1.0
